xiaoqu,mean
VIP大厦,15667
一品新筑苑,7467
一品漫城,10256
丁香公寓,24311
丁香大楼,16000
七浦公寓,8000
七韵美地苑,5850
万业梦立方,4140
万业紫辰苑,4516
万东小区,3350
万佳苑,9000
万兆家园,5057
万千公寓,10000
万华小区,5600
万宇阳光苑,2960
万宜坊,43000
万寿新村,2485
万峰小区,5500
万峰梦湖苑,8150
万康家园,4967
万春小区,6737
万春苑,1500
万景园,7900
万泰花园,4550
万源城E1,7400
万源城尚郡,9060
万源城御溪,60333
万源城御璄,41800
万源城朗郡,14118
万源城逸郡,11438
万源新城,8210
万源杰座,12423
"万源路440，442,446,448号",111600
万登花苑,6900
万盛金邸,2800
万科云间传奇,4517
万科五玠坊,35125
万科优诗美地,7900
万科假日风景,7544
万科公园大道,4187
万科兰乔圣菲,50800
万科华尔兹,17160
万科南桥传奇,3300
万科四季花城,5013
万科城,3740
万科城市花园,6236
万科城花新园,10625
万科尚景苑,4550
万科尚源,4800
万科提香别墅,44562
万科新里程,7400
万科时一区,12790
万科晶源,3514
万科有山,7942
万科朗润园,8960
万科桂馨苑,11000
万科梦想派,5400
万科海上传奇,10163
万科清林径,3667
万科燕南园,16167
万科琥珀臻园,9833
万科琥珀郡园,5009
万科白马花园,6396
万科笠泽苑,17000
万科第五园,14300
万科红郡,28939
万科翡翠公园,14364
万科翡翠别墅,39556
万科翡翠滨江,31579
万科翡翠雅宾利,31500
万科荷花苑,15000
万科蓝山,15714
万科金域华府,2467
万科金色公馆,14333
万科金色华亭,4310
万科金色城品,10100
万科金色城市,8510
万科金色里程,7597
万科金色雅筑,7862
万科金色领域,3483
万科锦源,6433
万科阳光苑,3750
万科魅力之城,8361
万立城,2920
万航公寓,10000
万航小区,3915
万航渡路1490号,5000
万航渡路1502号,6000
万航渡路2490号,3700
万航渡路676弄57号,6800
万荣小区,4475
万荣新苑,4800
万象园,7000
万达城市公寓,6450
万邦都市花园,9132
万里一期,4229
万里名轩,6489
万里晶品苑,6000
万里欣苑,6250
万里真欣园,8900
万里真金苑,6923
万里雅筑,6628
万隆花苑,2500
万顺水原墅,6900
万顺苑,5800
万馨佳园,2645
万龙新村,2911
三义坊,5000
三乐新村,6980
三佳花苑,4075
三元新村,2400
三八新村,2333
三八路110弄,2800
三兴大楼,5483
三友星墅,5900
三和花园,9596
三墩花苑,2000
三宝花苑,10095
三峰大厦,4950
三新路5弄,5000
三明花园,3400
三星苑,3602
三春汇秀苑,4850
三杨新村一街坊,5133
三杨新村二街坊,4900
三林世博家园,4599
三林安居苑,5320
三林新村,5070
三林苑,4500
三江小区,5000
三江路16号,3000
三河路153号,3200
三泉家园,6400
三泉路415弄,3680
三泉路510弄,3600
三泉路517弄,3325
三泾北宅小区,5453
三泾南宅,7300
三湘世纪花城,11000
三湘四季花城,5002
三湘四季财富广场,5140
三湘森林海尚,4830
三湘海尚城,7350
三湘花苑,6250
三琳花苑,6347
三皇桥小区,2860
三盛颐景园,11057
三航小区,4403
三花现代城,5928
三鑫花苑,20000
三门二小区,4500
三门小区,5600
三门路24弄,4750
三门路358弄,4650
三门路485弄,4372
三门路489弄,3800
三门路510弄,4500
三阳小区,4650
三鲁公路319弄,2500
上中西路767弄,4350
上中路100弄,3400
上中路458弄,3600
上南一村,4400
上南七村,4085
上南三村,4000
上南九村,4126
上南二村,4072
上南五村,5211
上南八村,4086
上南六村,5200
上南兰庭苑,7250
上南十一村,4650
上南十二村,4100
上南十村,4357
上南嘉园,3198
上南四村,3750
上南大厦,6800
上南玲珑苑,5300
上南翡翠苑,5873
上南花城,11267
上南花苑,6187
上南路3827弄,3600
上南路4362弄,3300
上南路7947号,3100
上和园,15000
上园南里,4300
上坤乐城,4500
上坤旭辉墅,4645
上坤红树湾,20000
上城Uptown,19636
上外中山大楼,6600
上大聚丰园,5882
上大阳光乾和园,5550
上大阳光乾宁园,10000
上大阳光乾泽园,5700
上大阳光乾清园,1860
上大阳光乾澄园,4372
上大阳光乾静园,5443
上大阳光乾龙苑,4350
上安大厦,7533
上实海上荟,3383
上尚缘,4683
上川路1638弄,3500
上工新村,5300
上影公寓,5838
上影广场,10650
上影新村,5500
上房金丰苑,4187
上河湾,23000
上泰绅苑,4300
上泰花苑,6800
上泰雅苑,7325
上浦小区,4350
上海villa,4750
上海中学住宅区,4175
上海之春,5867
上海五月天,14250
上海人家,9070
上海保利悦庭,6733
上海国际包装印刷城,2430
上海壹街区,16927
上海大楼,10000
上海大花园,10600
上海天玺,80000
上海家园,6800
上海家天下花园,14550
上海师大新村,5400
上海庄园,5000
上海康城,4125
上海捷克住宅小区,7291
上海星河湾,32750
上海春城,7359
上海未来,6379
上海本色,12000
上海派II,2321
上海源花城,5485
上海滩大宁城,10625
上海滩新昌城,17542
上海滩花园,19092
上海滩花园洋房,31857
上海知音苑,12398
上海绿城,14829
上海花园,21500
上海花城,10146
上海诗林,3700
上海豪园,2290
上海豪都国际花园,8800
上海阳城,5605
上海院子,3500
上海香港花园,4050
上港小区,4580
上溶新村,3500
上炼一村,2600
上炼二村,4800
上焊大楼,6100
上缝小区,4920
上置海景大厦,4000
上置香岛原墅,8889
上船大楼,9800
上虹新村,5540
上钞桂花苑,6700
上钞苑,8200
上钢一村,4156
上钢七村,4300
上钢三村,5200
上钢二村,5125
上钢五村,4350
上钢八九村,4567
上钢六村,4300
上钢十村,3900
上钢四村,4260
上陇新村,4240
上隽嘉苑,5200
上青佳园,9099
下沙新街77号,2300
世华佳苑,6000
世华锦城,5333
世博家园十一街坊,4560
世博花园,13200
世和园,5433
世外桃源,16250
世家小区,16000
世界路151弄,4500
世纪之春花园,9050
世纪之门,7031
世纪新城,4859
世纪花苑,6800
世纪苑,9400
世纪非凡怡园,4860
世纪非凡锦城,3430
世茂云图,6250
世茂佘山里,7750
世茂海滨馨苑,3500
世茂湖滨花园,26188
世茂滨江花园,30095
世茂爱马尚郡,3000
东一小区,4800
东三小区,3933
东三街110号,4200
东三里桥路160弄,3500
东三里桥路170弄,5000
东上海中心,6100
东业大厦,10000
东丰林居,6800
东义路21弄,3000
东二小区,4643
东五小区,4800
东亚公寓,34750
东亚启航公馆,3500
东亚阳光里,2150
东体小区,5275
东体育会路119弄,3100
东体育会路400弄,4800
东元大楼,7200
东八公寓,4600
东兰世茗雅苑,6350
东兰兴城,6341
东兰小区,4800
东兰路37弄,4500
东兰雅苑,3580
东兴苑,3600
东力新村,4746
东升家园,2814
东华苑,3500
东南一村,2550
东南三村,3033
东南二村,3000
东南新村,4351
东原郦湾,1860
东唐苑,5095
东四小区,4500
东园一村,7626
东园三村,6636
东园二村,5133
东园四村,6540
东城华都,2300
东城壕路8弄,4500
东城家园,10500
东城新村,6247
东城时代华庭,3100
东城花苑一村,3050
东城花苑二村,4733
东城花苑二村一区,2600
东塘花苑,3500
东外滩1号,7800
东大街118弄,4200
东宁路348号,5500
东安一村,5542
东安三村,5700
东安二村,5097
东安五村,5250
东安公寓,9600
东安四村,3350
东安花苑,13125
东宝兴路300号,4000
东宝兴路835弄,4600
东岸新里,4200
东川花苑,2780
东川路2817弄,2850
东市北弄68号,4500
东庭人家,8000
东建新村,3580
东怡花苑,12250
东新大厦,16000
东新支路55弄,3200
东新苑,11000
东方丽景,8667
东方丽都,4308
东方佳苑,2790
东方公寓,7150
东方冠郡,2950
东方别墅,38571
东方剑桥,24425
东方吉苑,6100
东方名城,7820
东方名筑,9000
东方听潮豪园,3250
东方城市公寓,9000
东方城市华庭,6233
东方城市绿洲,4080
东方城市花园,11396
东方夏威夷,10000
东方家园,9000
东方巴黎,22182
东方帕堤欧,4057
东方庭院,5200
东方康安家园,4400
东方御水湾,5400
东方御花园,6083
东方悦居,4550
东方文苑,10000
东方日出苑,58000
东方时空公寓,8500
东方明珠国际公寓,8000
东方明珠大宁公寓,10383
东方明珠小区,7850
东方明珠花园,14057
东方晶华园,4233
东方曼哈顿,17374
东方汇景苑,11480
东方滨港园,6400
东方知音苑,8379
东方花园,7700
东方苑,9865
东方莱茵,14524
东方豪园,25000
东方路248号,4500
东方路268号,4830
东方路3401弄,3700
东方都市景苑,13000
东方金门花园,7300
东方锦园,15000
东方雅苑,20717
东方马德里,2500
东方鸿璟,4300
东方龙苑,10146
东旺公寓,7225
东旺名苑,7500
东昌大楼,8500
东昌新村,5525
东明家园,8750
东明广场,12250
东明新村,4333
东明花苑,5200
东明苑,5463
东晖花苑,11160
东晶国际公寓,8912
东森花园,13800
东欣小区,8797
东汉阳路430号,4300
东江新苑,2300
东沙小区,5000
东沟一村,3000
东沟七村,4000
东沟三村,6000
东沟二村,4500
东沟六村,4500
东沟四村,4000
东沪园,3000
东泉小区,4686
东泉苑小区,5500
东波苑二街坊,2814
东泰花苑,14000
东浜小区,5633
东海别墅,35000
东海园,11833
东海御庭,30000
东淮海公寓,14086
东渡名人大厦,4750
东渡青筑,2500
东港丽景苑,3733
东港公寓,5850
东湖小区,7075
东湖新村,2300
东湖花园,5250
东湾小区,3560
东源丽晶,30750
东源名都,3940
东源大厦,8850
东珂花苑,4663
东田公寓,5500
东盛公寓,5925
东碧林湾,7000
东绣苑,4142
东缘公寓,5000
东航公寓,6750
东航小区,4300
东航明珠公寓,9367
东航龙华苑,4300
东苑世纪名门,5215
东苑世纪茗苑,8000
东苑佳佳花园,2948
东苑佳和园,2500
东苑利景花苑,6086
东苑半岛花园,12467
东苑古龙城,19356
东苑怡景园,4748
东苑新天地,8500
东苑福邸,7000
东苑米蓝城,5167
东苑绿世界花园,3956
东荡小区,4683
东荷小区,3600
东莲大厦,5600
东诸安浜路158弄,5000
东郊华庭,35000
东郊紫园,47200
东郊花园,55000
东银茗苑,10000
东镇小区,9300
东门路500弄,2500
东陆新村七街坊,4281
东陆新村三街坊,4300
东陆新村二街坊,4371
东陆新村五街坊,4592
东陆新村八街坊,4500
东陆新村六街坊,4498
东陆新村四街坊,5300
东风二村,3800
东风小区,3125
东鼎名人府邸,5650
丝庐花语,28000
丝庐雅苑,2560
两河流域,9906
中下塘街小区,2300
中东小区,5720
中二小区,9000
中亚公寓,5397
中京苑,5500
中信五牛城,13000
中信君廷,38000
中信和平家园,10300
中信泰富又一城,3475
中信泰富朱家角新城,2856
中信福申大楼,12000
中关村公寓,10490
中兴财富国际公寓,7200
中兴路1279弄,4350
中兴路1321弄,5800
中兴路1385弄,3300
中冶尚园,2900
中冶尚城,6640
中冶盘古馨苑,2500
中冶祥腾宝月花园,2800
中冶翔腾,5308
中冶锦园,3500
中冶锦城,4500
中凌东港苑,2840
中凯城市之光,18503
中包公寓,23000
中华东波小区,5940
中华别墅,7500
中华小区,5600
中华新路824号,4200
中华新路893弄,3650
中南公寓,10195
中南小区,7150
中南新村,8800
中原新村,5393
中原纪联小区,4900
中原证券大厦,15000
中友嘉园,7375
中园大楼,2000
中园小区,5250
中国铁建青秀卓庭,2949
中城绿苑,5740
中大丽都,6197
中大九里德,10776
中大新苑,8000
中大苑,3500
中天碧云,12089
中宁大厦,11000
中宁大楼,5100
中宁家园,7000
中山中路67号,2500
中山二路317号,3000
中山二路594号,4500
中山公寓,13170
中山北一路140弄,7500
中山北一路865弄,5300
中山北路1297弄,5800
中山北路1760弄,5100
中山北路197弄,3800
中山北路2185弄,3900
中山北路2590号,6300
中山北路3904弄,4800
中山北路805弄,4080
中山南一路1012弄,4800
中山南一路1040号,5500
中山南一路1042号,4500
中山南一路246弄,4200
中山南二路943号,4800
中山南二路960弄,4800
中山大楼,6500
中山家具大厦,10000
中山文化苑,4150
中山新村,6000
中山润园,22333
中山西路644号,4800
中建大公馆,15000
中建溪岸澜庭,4608
中建锦绣天地,7746
中怡家园,3500
中恒苑,3000
中惠广场,3780
中房公寓,3758
中房森林别墅,26750
中房樱桃苑,9575
中新公寓,7392
中新家园,4558
中星云庭,7500
中星佘山溪语,14000
中星凉城苑,7800
中星宜川花苑,5000
中星巨野公寓,8700
中星张杨苑,5580
中星怡景花园,11857
中星恬园,12500
中星景园,16000
中星海上名庭,8775
中星海上名豪苑,5129
中星海上景庭,9730
中星海兰苑,4380
中星红庐,20000
中星美华邨,30000
中星莱阳公寓,6700
中星长岛苑,8333
中桥大楼,5000
中梁英伦印象,7000
中梅苑,6257
中汇公寓,16000
中汇花园,16771
中江小区,6800
中沟路20弄,3200
中洋公寓,12000
中洲珑悦,2586
中洲里程,2775
中浩云花园,7767
中海万锦城,10625
中海寰宇天下,12333
中海御景熙岸,6286
中海悦府,4978
中海瀛台,10218
中海紫御豪庭,36714
中海翡翠湖岸,19154
中海锦园,3856
中海馨园,13000
中漕小区,6225
中王小区,7250
中环一号,6239
中环名品公馆,10321
中环和乐苑,5500
中环和润苑,6800
中环国际公寓,6340
中环家园,9325
中环明珠,8400
中环花苑,8420
中环锦园,8143
中瑞公寓,8900
中皇广场,12000
中祥哥德堡,7750
中祥龙柏苑,7500
中福公寓,7500
中福城,23333
中福浦江汇,10500
中福花苑,6729
中科大学村,22200
中科新苑,7927
中科花苑,1000
中粮南桥半岛,2450
中粮海景壹号,72143
中紫小区,6857
中艺花园,7000
中芯花园,8392
中虹公寓,6300
中虹华苑,2290
中虹家园,3204
中虹明珠苑,11375
中虹翡翠园,12500
中虹花园丽都苑,10500
中虹花园锦绣文华,25000
中轩丽苑,7500
中辉新苑,12500
中远两湾城,8162
中远行家,7012
中通公寓,15000
中通大厦,5375
中邦城市,6205
中邦城市园,4352
中邦城市艺墅,22000
中邦大都会,6200
中邮苑,22000
中金海棠湾,5184
中铁北城时代,4267
中铁逸都,3900
中银淮海苑,9467
中镇小区,9000
中阳小区,5350
中骏天誉,13500
中鹰黑森林,18188
中鼎豪园,8450
丰三小区,4500
丰业广元公寓,13500
丰华苑,4733
丰宝苑,4700
丰庄一村,4500
丰庄二村,4500
丰庄十二街坊,4178
丰庄十四街坊,4400
丰庄四村,3750
丰景湾名邸,3350
丰水宝邸,3582
丰盛雅苑,7240
丰翔新城,4000
丰舍东苑,5000
丰镇路16弄,4500
丰镇路55弄,10000
临园小区,4200
临平路16弄,6300
临平路20弄,5600
临平路250弄,4000
临平路256弄,5200
临平路40弄,6000
临江三村,3200
临江四村,3225
临江大厦,8400
临江豪园,15000
临汾名城,5724
临汾小区,3400
临汾花园,4600
临汾路1060弄,4300
临汾路1231弄,3600
临汾路1515弄,3500
临汾路1564弄,3400
临汾路1565弄,3800
临汾路451号,2800
临汾路597号,4200
临沂一村,3900
临沂七村,4733
临沂三村,4000
临沂二村,4225
临沂五村,3767
临沂八村,4700
临沂六村,4600
临沂大楼,5800
临河小区,3250
临港家园,2600
临港海滨国际花园,2200
临潼苑,20000
丹桂佳苑,1943
丹桂南苑,7500
丹江新苑,7500
丹芳苑,6500
丽丽小区,4800
丽华公寓,4510
丽和苑,5000
丽园公寓,4945
丽园新村,4343
丽园路1032弄,5930
丽园路514弄,6500
丽园路710弄,7350
丽景公寓,2400
丽景小区,2700
丽景翠庭,2740
丽景苑,1930
丽晶大厦,26000
丽水华庭,7088
丽水湾,2000
丽水豪庭,5550
丽水雅苑,1725
丽江佳苑,4350
丽江苑,2800
丽江锦庭,6400
丽泽兰馨苑,1600
丽泽梅傲苑,1167
丽泽荷亭苑,1433
丽茵别墅,15667
丽都别墅,55000
丽都华庭,2368
丽都城假日景苑,4199
丽都家园,4200
丽都成品,5878
丽都璟庭,1940
丽雅花园,6400
久业家苑,6650
久久公寓,12000
久乐大厦,8500
久事西郊名墅,19455
久事西郊花园,25389
久千公寓,4000
久华佳苑,10000
久安小区,7525
久耕小区,5550
久阳文华府邸,4857
久阳滨江公寓,9783
乌中小区,9612
乌鲁木齐中路15弄,120000
乌鲁木齐南路甲1号,38000
乐业一村,2062
乐业二村,2300
乐业五村,2660
乐业公寓,7625
乐久公寓,2430
乐安坊,12800
乐山一村,6512
乐山二村,5500
乐山八九村,6294
乐山六七村,6188
乐山大楼,6500
乐康苑,2617
乐怡苑,4833
乐活居,9793
乐源城B区,2300
乐源城C区,2200
乐都路18弄,3500
乐都路30弄,2000
乔港路11弄,3000
乔爱别墅,21500
乔顿花园,9910
九九别墅,25000
九九园,25000
九亭家园,3300
九亭明珠苑,4300
九亭苑,4600
九华丽苑,3000
九华新园,2933
九华苑,3129
九城家天下,8333
九城湖滨国际,5735
九峰小区,4107
九州公寓,7800
九州花苑,8750
九方家园,6360
九星苑,8167
九歌上郡,8887
九歌中庭,4250
九歌茗园,9000
九溪十八岛,44000
九英里,5082
九茂小区,6175
九间堂,200000
九间堂玲珑坊,20000
九龙仓兰宫,6800
九龙仓兰廷,6600
九龙仓滨江壹十八,58000
九龙仓玺园,24583
九龙花苑,14250
书院一号公寓,1800
书香名第,6433
乳山三村,5065
乳山二村,7000
乳山五村,4312
乳山四村,4750
乳山路76号,4000
乾弘佳园,7000
乾溪三村,4000
乾溪新村,4243
乾耀东港,2047
乾骏园,5097
乾骏大厦,12000
二纺工房33号,3000
二联馨苑,6225
二轻小区,4100
云台一小区,5400
云台二小区,5136
云台大厦,20000
云台苑,4400
云台路255弄,5200
云台路86号,7350
云台路92号,5600
云和花园,14360
云山星座苑,7500
云川公寓,7500
云帆佳苑,1414
云帆名苑,1450
云帆花苑,1425
云帆雅苑,2000
云松华庭,1700
云松翠庭,1550
云树仁居,1720
云树欣居,1480
云树雅居,1567
云海苑,29000
云福大厦,10750
云翔小区,4200
云舫小区,6650
云都公寓,4500
云都苑,9500
云锦东方,50000
云锦佳苑,1500
云锦名苑,2750
云锦雅苑,1860
云间名门,5800
云间水庄,9500
云间绿大地,38778
云阳村,6000
云阳花苑,8593
云雾山路15号,4850
云雾山路17号,6200
云雾山路21号,4500
云雾山路551弄,5200
云顶别墅,21000
五彩星辰,6000
五星公寓,8800
五星花园别墅,9000
五月花都荟豪庭,9350
五洲云景花苑,6183
五浦汇A区新塘苑,2267
五浦汇B区崧子苑,1800
五浦汇c区顾会庭,2400
五环大楼,6800
五莲一小区,4050
五里桥路256号,5500
五金新邨,8800
亚成公寓,12000
亚都国际名园,14379
交大公寓,7800
交暨小区,3700
交通路3193弄,4267
京华路187弄,3600
京华路439弄,4200
京城大厦,10333
京安大楼,9000
京州大楼,8697
京浦小区,3760
京浦花园,3500
京润花园,4200
京盛苑,5750
京都苑,9000
亭园,6800
亭汇花苑,4435
人乐三村,3400
人乐四村,2750
人才大厦,10000
人民东路2785弄,3067
人民新村,1800
人民街158弄,4300
人生港湾南欧城,3183
仁和恬园,2925
仁和花苑,7100
仁和苑,10650
仁德坊,8433
仁德小区,3000
仁恒东郊花园,8457
仁恒公寓,10000
仁恒家园,14167
仁恒广场,10588
仁恒怡庭,36000
仁恒森兰雅苑,22394
仁恒河滨城,25324
仁恒河滨花园,29758
仁恒滨江园,28536
仁恒西郊花园,14441
仁恒运杰河滨花园,3908
仁达公寓,10650
今天花园,4800
今日丽园,14000
今达花园,13000
仓南弄,3500
仕嘉名苑,15000
仙二小区,4100
仙城小区,5460
仙逸小区,4651
仙都绿苑,3938
仙霞别墅,5856
仙霞大郡,7400
仙霞西路635弄,5000
仙霞西路715弄,3200
仙霞路133弄,4500
仪表新村,4100
仲义苑,5500
仲信苑,16000
仲达公寓,16000
伊东苑,8000
伊格尔公寓,7500
伊犁小区,5612
伊犁路110弄,6000
伊莎士花园,12357
伊顿公寓,7000
众众家园,7200
众众德尚世嘉,5729
众和新苑,18000
众和金融大厦,7800
众城公寓,12000
众城商厦,16000
众旺苑,2500
众盛公寓,8712
众鑫大厦,39750
优抚园,6000
伟业金锦苑三村,5420
伟莱家园,7000
伦敦广场,34667
伯龙公寓,9000
住友公寓,11000
住友名人花园,7953
住友嘉馨名园,3800
住嘉佳园,5200
体育新村,2550
体育花苑,5300
何家宅小区,5233
佘山3号,10000
佘山一品,5833
佘山东郡,16500
佘山家园,2500
佘山新苑,3500
佘山月湖山庄,80000
佘山玺樾,7000
佘山珑原,4900
佘山翠庭,2600
佘山银湖别墅,27400
佘山高尔夫郡,74167
佳乐苑,2900
佳伟小区,4700
佳信徐汇公寓,8150
佳信花苑,9000
佳兆业8号,2800
佳兆业城市广场,2700
佳兆业壹号,4800
佳兆业珊瑚湾,2550
佳境苑,2633
佳宁花园,8283
佳安公寓,3390
佳宝一村,3545
佳宝二村,3925
佳宝四村,5300
佳宝新村,5200
佳成大厦,15000
佳日公寓,9397
佳木斯路154弄,4300
佳木斯路175弄,3833
佳木斯路185弄,4083
佳木斯路208弄,4300
佳木斯路268号,3300
佳木斯路295号,4800
佳木斯路299号,4300
佳木斯路311号,4800
佳林路919弄,4500
佳泰花园,7933
佳洲欣苑,3845
佳源上海小城,3200
佳源名人公馆,2000
佳源梦想广场,2275
佳虹小区,4400
佳达新苑,15000
佳运公寓,6000
佳龙花园,8158
依云郡,14214
依水园,3700
侨鑫公寓,3200
俊领国际酒店公寓,3800
保亿风景水岸,8000
保利佳苑,2840
保利十二橡树庄园,19975
保利叶上海,4656
保利叶之林,6411
保利叶语,6658
保利名苑,20000
保利天琴宇舍,3850
保利天鹅语,3040
保利家园,4831
保利御樽苑,8656
保利星海屿,4911
保利星苑,9500
保利林语溪,6709
保利梧桐语,3300
保利海上五月花,3292
保利湖畔阳光苑,3867
保利维拉家园,8200
保利翡丽公馆,6233
保利艾庐,5162
保利茉莉公馆一期,8700
保利茉莉公馆三期,7000
保利茉莉公馆二期,11300
保利蔚蓝林语,5300
保利西子湾,4436
保利西岸,52000
保利金爵公寓,6504
保利金色唐城,3720
保利香槟苑,8303
保安新村,2633
保屯路50弄,5500
保平小区,4800
保德公寓,2805
保德路1010弄,3300
保德路1120弄,3800
保德路241弄,3867
保德路448弄,4500
保民新村,4650
保辉香景园,21000
保集欧郡,4514
保集澜湾,3464
俞一小区,4297
俞三小区,5450
俞二小区,4500
信义嘉庭,4125
信仪新村,5600
信和花园,9085
信罗大厦,7500
信诚丽都苑,4150
信达蓝庭,2000
信达蓝爵,3760
信达郡庭,8000
修道院公寓,60000
假日苑,12200
健乐小区,5200
健安坊,5420
儿科大楼,6800
元福大厦,13250
兆丰嘉园,23771
兆丰大厦,13000
兆丰帝景苑,16700
兆丰花园,15000
兆嘉园,6833
先棉祠街小区,5500
光华园,4943
光华坊,5173
光华绿苑,4775
光启公寓,9500
光启路105号,5500
光复新苑,9000
光复西路南林家港小区,4450
光大会展中心,17429
光大花园,11000
光新三村,4250
光新大楼,5660
光新苑,5100
光新路129弄,4500
光新路430弄,5200
光明城市,16600
光明小区,5787
光辉小区,5933
光鸿苑,9929
八一小区,4000
八方大厦,10250
八方小区,5767
八月桂林,9250
公交新村,4800
公元三村,3933
公元新村,2890
公元新村北区,2800
公兴路244号,4600
公兴路5号,4000
公园3000,11750
公园天下,3295
公园新村,2400
公安住宅小区,9200
公安公寓,4667
公安大楼,6999
公平大楼,8500
公馆77,26286
六一小区,2150
六荷苑小区,3700
六街坊小区,7750
六达苑,6200
六里二村,4433
六里新村,3600
六里桥南街118弄,4000
兰园小区,5422
兰坪一村,2250
兰坪二村,2575
兰城小区,4575
兰桥公寓,5172
兰溪路224号,4000
兰田大楼,6000
兰花小区,7860
兰花教师公寓,8000
兰花新村,4117
兰花清苑,2400
兰郡九里澜溪谷,6100
兰馨苑,4533
兰馨雅苑,9600
共和一村,3667
共和三村,4400
共和二村,6000
共和五村,3567
共和八村,3800
共和园小区,5233
共和小区,4275
共和新路1200弄,4500
共和新路1280弄,4800
共和新路1873弄,5000
共和新路2169弄,5300
共和新路2203弄,3833
共和新路4605弄,4600
共富一村,3952
共富三村,3565
共富二村,4656
共富四村,4308
共富花园,5250
共康七村,4277
共康三村,3350
共康五村,3297
共康八村,4500
共康公寓,6250
共康六村,4998
共康前进公寓,6500
共康四村,3905
共康雅苑,4100
共江小区,3130
兴业公寓,13500
兴业嘉园,14500
兴东佳苑,3200
兴东名苑,7500
兴中公寓,6000
兴亚广场,6797
兴华小区,6400
兴南花园,11500
兴国大厦,25000
兴国路169号,10000
兴国路244弄49支弄,10000
兴国路271弄,12000
兴国路41弄,15000
兴安小区,26000
兴安路96弄,14000
兴平昌苑,7000
兴林公寓,10500
兴泉小区,4150
兴浦新村,4650
兴荣苑,5700
兴都大楼,16000
兴银花园,4762
兴霞小区,10100
内江一村,3800
内江二村,4067
内江路391弄,4200
军工路周家,4400
军民花苑,2800
农房唐镇壹号,5367
农房松江府,3542
农林小区,4150
冠华大楼,7000
冠浦花园,6300
冠生园路237弄,4702
冠生园路261弄,5800
冠龙大厦,11833
冶金公寓,6800
凉东小区,4500
凉二小区,4750
凉城一村,5000
凉城三村,3800
凉城二村,4400
凉城四村,5500
凉城路1201弄,4136
凉城路847弄,4467
凌一小区,3906
凌三小区,4514
凌二小区,4350
凌云公寓,6500
凌云新村,4300
凌兆丁香苑,6050
凌兆佳苑,6000
凌兆新村,4665
凌兆路608弄,4200
凌兆路88弄,6400
凌北公寓,14000
凌四小区,3925
凌桥一村,2200
凌桥二村,2100
凌桥景园,3400
凌桥苑,2400
凌波苑,1400
凌港城,3367
凌霄苑,4200
凌高小区,5300
凤凰大厦,16662
凤凰大楼,10767
凤凰小区,2300
凤凰新村,3500
凤凰景苑,4178
凤南一村,3700
凤城一村,3750
凤城三村,3300
凤城二村,4638
凤城五村,5000
凤城六村,4900
凤城四村,4667
凤城花园,12000
凤庆小区,2433
凤辰乐苑,2000
凤阳路338号,580000
凤马塘路205弄,3300
凯佳公寓,5982
凯利大楼,4495
凯城景庭园,7500
凯德嘉博名邸,10083
凯德新视界,1167
凯德林茵湖畔,25750
凯德茂名公馆,135000
凯德莲公馆,14000
凯德都会新峰,4000
凯托大厦,3460
凯旋一村,5533
凯旋公寓,10000
凯旋华庭,7771
凯旋花苑,8000
凯旋豪庭,10167
凯旋路110号,4500
凯旋路114号,4500
凯旋路116号,4500
凯旋路2280弄,8100
凯旋都市花园,15000
凯欣豪园,15420
凯歌公寓,8350
凯润金城,10000
凯虹公寓,7000
凯虹家园,10125
凯达苑,5900
凯迪澳澜湾,15417
凯鑫苑,7400
凯阳公寓,6200
凯鹏国际大厦,11000
创世纪花园,7907
创新佳苑,4900
创智坊,14757
创欣公寓,4367
创联金海花苑,15000
利丰苑,4715
利星国际广场,11140
利津小区,4600
制造局后街28号,4800
前哨路231弄,4750
前哨路288弄,4000
前进大楼,25000
前进小区,5800
剑桥丽苑,3433
剑桥景苑,16833
剑桥馨苑,6830
剑河家苑,6083
剑河小区,4450
剑河路602弄,7500
加东花园,9000
加州水郡,16000
加盟圣蓝,4917
化工一四村,4700
化工二三村,5500
化工小区,8060
化工新村,2000
化纤小区,5500
北中路278弄,5400
北中路280弄,4900
北京东路345号,5300
北京西路1231弄,55000
北京西路820号,7800
北华苑,4745
北唐新苑,4000
北城公寓,9000
北宝兴路10弄,3500
北宝兴路42弄,4300
北宸佳苑,11000
北巷小区,6000
北方佳苑,9540
北方花苑,3047
北欧丽景,4700
北汪小区,7000
北海新苑,4050
北渔路135弄,5000
北石路134号,3300
北石路65号,4000
北石路73号,3800
北美公寓,6445
北茶园,5300
北蒙三小区,5228
北蔡大街31弄,3200
北蔡大街32弄,4750
北蔡苑,5300
北虹公寓,8000
北郊小区,5250
北郊御墅,4600
北门新村,1650
北高大楼,7600
十字街大楼,2167
十里都华,12333
千岱名墅,8000
千汇苑,3500
千汇苑一村,3000
千汇苑二村,2400
千汇苑四村,1800
千秋嘉苑,4200
千路公寓,15500
升平小区,8686
半岛花园,11772
半岛豪门,16580
华一小区,3600
华业公寓,11000
华业小区,16700
华东公寓,6000
华东花苑,5021
华中公寓,4333
华中大厦,10500
华丰大楼,8000
华丰苑(阳光新居),2887
华丰路14号,3300
华丽家园,6317
华丽家族古北花园,29667
华丽家族汇景天地,32500
华丽家族花园,18988
华二小区,3200
华云大楼,5500
华亭公寓,3571
华亭新家三辰苑,3133
华亭新家百合苑,3315
华亭新家银杏苑,3260
华亭新苑,3750
华亭茗苑,4650
华亭荣园,3780
华亭首府,3500
华伦公寓,4500
华佳花园,4730
华侨公寓,20000
华侨城,21972
华侨城苏河湾,90000
华侨新村,16000
华光公寓,6000
华光花园,13701
华利公寓,7810
华升公寓,6833
华升新苑,8000
华厦银桂苑,7500
华发小区,4191
华唐苑,4583
华商名邸,26000
华国家园,9500
华夏东路2895弄,3750
华夏二路201弄,4100
华夏小区,4250
华夏花园,24500
华夏金桂苑,11200
华宁路189号,2033
华容小区,6500
华富小区,6375
华尔登广场,40000
华山丽苑,52625
华山嘉苑,16500
华山夏都苑,43500
华山花园,15000
华山花苑,7931
华山路693号,5200
华山路732号,14000
华山路734号,7400
华山路803弄,5000
华川家园,4280
华师大一村,5560
华师大三村,7400
华府天地睿园,34500
华府樟园,19300
华建一街坊,3400
华建二街坊,3825
华强公寓,7875
华悦家园,9262
华敏世纪广场,15500
华敏大厦,8000
华教大厦,13500
华昌小区,5000
华星公寓,3500
华星别墅,28000
华晖绿苑,7800
华景苑,8000
华松小区,5011
华梅花苑,7000
华欣家园,3325
华欣苑,17000
华汇公寓,3000
华江一村,3500
华江二村,3300
华江大楼,6767
华江小区,2267
华江景城,5000
华江路121弄,3500
华池路35号,4800
华沁家园,6025
华沙一村,3500
华泽新苑,3425
华泾五村,3730
华泾四村,4100
华泾绿苑,4767
华浜二村,3900
华浜新村,3475
华浩苑,9582
华润中央公园,7404
华润佘山九里,8500
华润外滩九里,32243
华润置地橡树湾,17517
华清名苑,9000
华港花园,6700
华滨家园,5643
华漕新村,4450
华狮国际公寓,8275
华理苑,5300
华盛名门,5500
华盛大公馆,16250
华盛新村,2220
华科东路180弄,2600
华纺小区,6512
华经大厦,5000
华能公寓,7500
华能城市花园,7300
华能大厦,2500
华能时代花园,2130
华舟公寓,7500
华航小区,8500
华苑大厦,14360
华苑小区,8500
华莘花园,5275
华虹一公寓,5850
华虹公寓,12000
华观商住楼,3500
华通公寓,9100
华通大厦,16500
华邦佳苑,5000
华都公寓,10333
华钜御庭,3279
华银坊,3333
华银苑,4500
华阳苑,10125
华阳路224弄,9600
华阳路66弄,3500
华陇建中小区,4800
华馨小区,6000
华馨苑,5600
华骥苑,3022
华高一村,4819
华高二村,4700
华高新苑,7150
华高苑,5900
华鹏花苑,8200
华鼎广场,9250
华龙公寓,4750
华龙别墅,18000
华龙新苑小区,5425
协合花苑,6500
协和大厦,2890
协和小区,5900
协和海琴花园,5500
协昌小区,6420
协通公寓,4200
卓悦居,9848
卓越世纪中心,4500
南中新村,3500
南丹公寓,7500
南丹小区,4889
南丹路128弄,8367
南二街坊,5250
南交小区,6000
南京西路450弄,5000
南京西路860弄,5500
南京西路公馆,12731
南亭公寓,2500
南仓街30弄,4000
南北大街192号,2600
南北大街200号,2500
南华城,3675
南华小区,3250
南华苑,3595
南吉公寓,15000
南园坊,3600
南园小区,6867
南园新村,4900
南国大厦,8500
南城苑,2700
南塘浜路115号,4500
南塘浜路93弄,8750
南大街12号,6000
南大街30号,3600
南大街34弄,3400
南大街9号,4800
南大路126弄,2800
南大路16弄,3500
南大路180弄,4033
南大路190弄,4100
南大路76弄,4000
南大路86弄,4500
南天公寓,15000
南天大厦,8500
南天大楼,7631
南宜花苑,7430
南山大楼,12000
南山路68弄,6500
南山雨果,5884
南市街16弄,3200
南市街30弄,3000
南康公寓,2790
南文大厦,4170
南新一村,4000
南新三村,3863
南新东园,4650
南新六村,3433
南新四村,4250
南方城,8864
南方新村,4669
南方格林蓝天,6700
南星小区,6625
南星新村,2875
南杨小区,4735
南杨花园,4944
南林公寓,10750
南桥路307号,4000
南桥路313号,2400
南桥路651号,3500
南汇路34弄,19800
南江苑,5289
南泉公寓,5200
南泉北路162号,8000
南泉北路301弄,5250
南泉大楼,7200
南泉小区,4486
南泉苑,4171
南洋博仕欣居,6238
南洋广元公寓,10000
南洋新都,12700
南洋瑞都剑桥府邸,5100
南洋绿都公寓,9000
南洋苑,3588
南浦公寓,8050
南湖新村,4000
南湾新村,1500
南溪公寓,14000
南码头路144弄,3000
南秀雅苑,4000
南站阳光小区,4233
南粮新村,1800
南苑七村,2500
南苑三村,2750
南苑九村,3500
南苑二村,2500
南苑五村,2500
南苑八村,3000
南苑十村,4500
南苑四村,2200
南苑新世纪公寓,5367
南茶园,5400
南草坪花园,22600
南虹公寓,10750
南辉小区,5760
南辰小区,4500
南郊别墅,12662
南郊御墅,2725
南郊花园,9922
南郊花园东区,3800
南长小区,5650
南长苑,5280
南门新村,2500
南阳小区,8500
南陆大厦,7487
南陈小区,6400
南馨公寓,13500
南龙潭苑,3500
博一小区,4598
博三小区,4550
博佳花园,3520
博园大楼,6530
博安苑,5000
博山小区,4279
博文园,6500
博文家园,8350
博景苑,7000
博泰新苑,3680
博泰景苑,3900
博爱家园,9667
卜邻公寓,8333
卢湾城市花园,9750
卢湾都市花园,7439
卫东新村,4425
卫乐园,180000
卫星东路50弄,1500
卫星中路18弄,2500
卫星大楼,8000
卫星西路16弄,3000
印象春城,4011
印象欧洲,7443
历城路13号,5500
历城路25号,4500
原林小区,5500
原野花园,10000
县左街46号,6500
又一村,5988
友好佳苑,3080
友联大楼,9200
友谊二村,5000
友谊大楼,5950
友谊家园,4260
友谊小区,4595
友谊支路212号,3600
友谊苑,5000
友谊路20号,3600
双东小区,6867
双喜家园,9000
双城苑,10325
双城路2弄,2830
双宝小区,4800
双山小区,3950
双峰路8弄,6300
双柏小区,2536
双桥小区,3663
双泉公寓,4967
双流小区,6500
双秀北园,4048
双秀南园,2973
双秀西园,3930
双花公寓,7000
双辽支路70弄,4650
双辽新村,3850
双辽路155弄,3800
双辽路200弄,5000
双阳一村,5033
双阳公寓,9000
双阳路109号,3800
双阳路503号,3500
双阳路50弄,4200
双阳路594弄,3500
双阳路604弄,5567
叠加苑,7500
叠翠苑,2460
古佳苑,2000
古北中央花园,30750
古北佘山国际别墅,31889
古北公寓,7600
古北嘉年华庭,14100
古北国际广场,23333
古北国际花园,22511
古北大成公馆,13000
古北御庭,15812
古北新城,7920
古北玛瑙园,21000
古北瑞仕花园,30718
古北菊翔苑,3559
古北萃庭,3700
古北虹苑,7250
古北路371弄,4200
古北路570弄,6300
古北首席,8800
古北香堤岭,30000
古华A区,1875
古华B区,2425
古华新村,1869
古南小区,4650
古城公寓,9000
古宋小区,5367
古春苑,3500
古柏小区,5667
古桐三村,2310
古桐公寓,4767
古桐六村,5200
古桐路18弄,5500
古桐路54弄,4500
古美一村,5143
古美七村,6300
古美三村,4380
古美五村,4683
古美八村,4848
古美公寓,7200
古美十村,5967
古美四村,4028
古美小区,4412
古美西路316弄,5367
古美西路420弄,4201
古银杏苑,4500
古龙苑,6400
句容小区,4982
台益公寓,6200
右岸嘉园,4000
叶城三街坊,3375
叶城二街坊,2122
叶城五街坊,3400
合众湖畔花园,7000
合兴小区,3500
合建大楼,8000
合景万景峰,3100
合景叠翠峰苑,4111
合欢公寓,4500
合生国际花园,6630
合生城邦一街坊,8460
合生城邦三街坊,5375
合生城邦四街坊,4840
合生广富汇,3800
合生御廷园,4057
合生时代锦苑,11917
合生朗廷,6400
合生江湾国际公寓,9267
合肥路127弄,8000
合肥路269号,6500
合虹公寓,15000
合阳小区,6365
吉云公寓,6483
吉利名苑,5850
吉大公寓,14500
吉宝汇锦城,3650
吉富绅花园,4250
吉浦小区,7000
吉浦路615弄,3966
同兴大楼,7364
同和苑,6500
同德公寓,12750
同心路125弄,5300
同心路803弄,4500
同心路93弄,6500
同心路990弄,6300
同方锦城,8215
同汇苑,3460
同济东时区,3550
同济华城,7767
同济国康公寓,8100
同济城市阳光,4700
同济支路201弄,16000
同济新村,6800
同济欣苑,5733
同济绿园,35000
同济蓬莱家园,5800
同济融景雅苑,3270
同济路1111弄,3933
同济路191弄,2600
同润别庄,17500
同润加州,6014
同润圣塔路斯,22667
同润家园,13000
同润玫瑰芳苑,4000
同润菲诗艾伦,4164
同润蓝美俊庭,1700
同盛嘉园,4622
同馨苑,4253
名人花苑,4486
名仕世家花苑,5550
名仕苑,15778
名仕豪庭,5500
名庭花苑,5320
名江七星城,15967
名都古北,21692
名都城,17088
名都新城,7464
名门世家,5665
名门河滨花园,6546
名门滨江苑,13918
后长街91弄,4000
后长街92弄,3800
向新新村,7300
君临六六公寓,4200
君临天下,11382
君临颐和花园,26500
君叶公寓,6500
君庭广场,5700
君御豪庭,18940
君怡公寓,13000
君悦湾,10724
君悦湾墅,20750
君悦花园,17000
君悦静安,6420
君莲小区,4650
君莲新城E区,2800
君莲新城中城苑,4200
君莲新城广润苑,3600
君邑地中海,8000
听悦路1101弄,2267
听潮一村,2000
听潮二村,1500
听潮五村,2080
听潮六村,2067
听潮四村,2462
听潮民乐苑,2820
启航城,2171
吴东小区,5240
吴中公寓,7686
吴中路1001弄,6200
吴中路870弄,5486
吴中路970弄,6200
吴兴公寓,11000
吴兴路30弄,10500
吴塘路468号,18000
吴宝新村,5500
吴家浜小区,4000
吴杨路210弄,3800
吴泾新村,2500
吴淞新城,6100
周东二村,4500
周东新村,3100
周东路139号,4000
周家嘴路1048号,4000
周家嘴路3342号,5000
周家嘴路3523弄,4000
周家湾小区,4667
周康一村,4575
周康三村,4140
周康二村,4200
周康五村,4150
周康四村,4822
周浦新村,3500
呼玛一村,4000
呼玛三村,3541
呼玛二村,3683
呼玛五村,4740
呼玛四村,4150
和一大厦,18490
和丰苑,4827
和亭佳苑,3400
和兰苑,7000
和嘉公寓,2800
和安小区,3800
和平公寓,8800
和平小区,4722
和平新村,3750
和平花苑,7861
和平街150弄,3200
和康苑,3000
和憬家园,4500
和成阁公寓,8000
和新小区,3600
和欣国际花园,6307
和泰玫瑰园,16500
和泰花园,3360
和泰苑,3800
和润家园,8000
和源名城,4948
和源祥邸珑庭,10250
和源馨苑,8257
和瑞雅苑,7200
和田小区,3300
和田路272弄,4000
和祥佳园,4150
和诚公寓,7300
和龙新苑,3200
品华苑,5333
品家都市星城,6600
品尊国际,14364
品新苑,5000
品翠苑,5033
品臻国际公寓,3600
品诚苑,5000
品赏碧云,13333
哈佛公寓,8200
哈密路1801弄,3800
哈密路2046号,6000
唐丰苑,3800
唐人苑,4315
唐家宅小区,5750
唐家沙小区,4100
唐山路1280弄,4600
唐山路1380弄,4600
商业一村,3200
商业二村,4600
商城路1317弄,6500
商城路924号,5800
商建公寓,2850
商建大楼,6044
商检公寓,7750
嘉丰佳苑,5375
嘉丽苑,24500
嘉乐公寓,7700
嘉云苑,4733
嘉亭菁苑,6884
嘉利坊,3340
嘉利明珠城,6298
嘉利豪园,11500
嘉华居,4500
嘉华苑,7582
嘉发公寓,4455
嘉和坊,4000
嘉和花苑,6207
嘉和阳光城,6625
嘉善坊,3975
嘉善路232弄,12000
嘉嘉大楼,50000
嘉园,13100
嘉城国际花园,4400
嘉城幸福港,5150
嘉城新航域,5050
嘉城桃花岛,8833
嘉城爱琴海,7000
嘉城雅颂湾,4720
嘉城香馥湾,4000
嘉天汇,50000
嘉宁坊,4800
嘉宏紫薇园,8900
嘉定蔷薇苑,2360
嘉宝公寓,3500
嘉宝小区,3763
嘉宝新园,7000
嘉宝梦之湾,3700
嘉宝梦之缘景庭,3300
嘉宝紫提湾,4300
嘉实上城名都,3894
嘉富丽花园,20000
嘉富丽苑,5243
嘉富利大厦,9250
嘉富小区,2500
嘉尚坊,5000
嘉屯苑,3590
嘉年别墅,23000
嘉御庭,38455
嘉德公寓,10000
嘉怡水岸,4200
嘉怡苑,4000
嘉憬河畔公寓,2900
嘉景苑,2330
嘉汇广场,10393
嘉泰花园公寓,6500
嘉源小区,4175
嘉瑞花苑,7300
嘉登公寓,8463
嘉福坊,6000
嘉禾名邸,3100
嘉秀坊,4300
嘉秀新苑,6440
嘉立国际广场,3490
嘉美坊,4125
嘉苑别墅,15000
嘉苑新村,4733
嘉茵苑,9333
嘉裕坊,3050
嘉誉湾,29250
嘉里华庭,26267
嘉阳公寓,12700
嘉骏花苑,5160
嘉骏香山苑,5300
四元路20弄,2200
四合加苑,2500
四和花园,7214
四季全景台,16067
四季园,14000
四季晶园,20900
四季绿城,5625
四季雅苑,47441
四平路2065弄,4500
四平路2100弄,5500
四平路581号,3600
四平路幸福村,3750
四方小区,3650
四方新城,22885
四达路25弄,6500
团结花苑,4600
园丁楼,4500
园南一村,4762
园南三村,3843
园南二村,4025
园艺新村,5300
园西二居,3570
园西小区,3282
国中酒店公寓,11125
国亭花苑,6017
国伟新苑,5767
国伟路58弄,4500
国信世纪海景,35250
国和一村,4806
国和二村,4214
国和苑,4500
国和路605弄,6000
国和路610弄,3300
国和路611弄,4800
国定路555弄,5525
国定路600弄,4495
国定路700弄,4950
国富苑,7500
国年路102弄,8000
国庆路3弄,3500
国权北路351弄,5200
国权北路413弄,4800
国泰大厦,8000
国泰新村,8500
国煌田林亲家,13000
国鑫大厦,15000
国际丽都城,24455
国际公寓,10000
国际华城,1500
国际广场,13500
国际明佳城,7600
国顺路300弄,4200
国顺路386号,5300
国顺路394号,3450
国顺路395弄,4500
国顺路650弄,4800
图们路20弄,3200
图们路53号,4500
图门小区,5200
圣卡洛铂庭,5200
圣和圣广场,9000
圣地维拉,19875
圣地雅歌海墅,2800
圣堡别墅,53833
圣天地酒店式公寓,5780
圣安德鲁斯庄园,24200
圣得恒业花园,30000
圣特丽墅,13500
圣约翰名邸,15340
圣美邸,13800
圣鑫苑,3776
圣陶沙花园,18000
圣马丽诺桥语,42857
圣骊家园,10800
圣骊河滨苑,6732
圣骊澳门苑,10325
地方天园,7290
地杰国际城,6459
地纬家苑,3267
地铁明珠苑,12333
场中公寓,6000
场中小区,3195
场中路10弄,3300
场中路1310弄,4300
场中路1985弄,3550
场中路2401弄,3100
场中路2601弄,3400
场中路3308弄,4000
场中路3324号,3300
城东新村,2146
城东路789弄,2000
城中东路309号,2800
城中花园,5007
城中西路57弄,2400
城中路203弄,2500
城中路41弄,2500
城丰路15弄,7000
城公大厦,6500
城北新村,1950
城南居委小区,2600
城南新村,2000
城南路198号,2300
城南路293弄,2900
城南路361弄,2450
城宁花苑,15160
城市名园,5825
城市方园,6000
城市经典,21809
城投世纪名城,5160
城林雅苑,3400
城浦公寓,5880
城申公寓,12800
城西二村,3500
城西小区,3200
培育苑,4650
培花七村,4771
培花久远公寓,5263
塔城东路255弄,2300
塔城东路493弄,2000
塔城东路496弄,3000
塔城小区,2598
塔城路666弄,3200
塔城路685弄,2933
塔城路800弄,2300
塔城路850弄,2800
塘东小区,5343
塘南小区,4000
塘南路123号,4000
塘南路159弄,4433
塘和家园德悦苑,2900
塘和家园登云苑,3500
塘桥小区,4692
塘泾北苑,3100
塘泾南苑,2600
墅外金柳湾,12000
士林华苑,16000
士韵家园,4800
复元坊,5710
复兴东路354号,4550
复兴中路1248弄,13000
复兴中路49号,4200
复兴中路626弄,6800
复兴佳苑,12000
复兴坊,6000
复兴珑御,25000
复兴苑,18000
复兴西路53弄,17000
复华城市花园香榭里,6200
复地北桥城,8795
复地太阳城,14660
复地富顿苑,5450
复地御西郊,50250
复地新都国际,12500
复地爱伦坡,13000
复地紫藤里,15000
复地翠堤苑,15000
复地雅园,14160
复地香堤苑,8000
复地香栀花园,25000
复城国际,13167
复新小区,12000
复旦小区,4162
复旦教师公寓,6433
复旦零号宿舍,3800
复星新苑,6675
复星花园,4732
夏朵园,3547
夏栎路233弄,2650
夏栎路333弄,2600
夏阳湖国际花园,4975
夏阳金城,4000
外冈佳苑,2500
外冈新苑,2750
外冈景苑,2325
外外滩,7400
外滩99,15833
外滩公馆,3990
外青松公路2885弄,3000
外马路348号,4900
大三小区,4050
大上海国际花园,7183
大上海城市花园,10833
大上海紫金城,11000
大二小区,6200
大众公寓,8167
大众春盛苑,8440
大众汽车公寓,8730
大众河滨大厦,12000
大华一村,4249
大华三村二街坊,3900
大华二村,5229
大华公园世家康华苑,7358
大华公寓,12250
大华兰湖天境,8000
大华朗香花园,7167
大华清水湾,9146
大华西郊别墅,47000
大华锦绣华城,10302
大华颐和华城,8137
大同小区,4500
大同花园北区,12167
大同花园南区,12160
大同路347弄,2500
大名公寓,6250
大名城名郡,3733
大唐盛世花园,13649
大唐花园,3833
大宁北玉兰公馆,8020
大宁新村,4175
大宁瑞仕花园,12667
大宁路556号,4900
大宁路578号,3750
大宁路660弄,5250
大宁金茂府,16750
大宁龙盛雅苑,6420
大宅风范城,5600
大家源新城,13133
大居苑,6815
大成名庭,4500
大明小区,6150
大木小区,5033
大木桥路450弄,3800
大桥公寓,2300
大桥小区,5977
大桥花苑,4514
大江苑,4150
大沽路541号,8500
大洋新村,4300
大湾名苑,4700
大盈公寓,2800
大统路159弄,4750
大虹桥国际,7000
大诚花苑,8750
大豪山林别墅,29500
大运盛城,7571
大连小区,3500
大连西路180号,7000
大连西路31号,4250
大连西路40弄,6600
大连西路4弄,4500
大都会高尔夫和风,22500
大金更小区,6200
大闻丽都苑,13000
大陆家宅,5300
大黄馨园,5400
天东小区,7500
天义小区,4000
天乐新村,3350
天元公寓,4897
天原二村,4050
天台家园,9860
天台星城,4500
天合雅园,9000
天后宫大楼,6700
天和前滩时代,2425
天和尚上海,4500
天和湖滨家园,6455
天和苑,16000
天地健康城,3500
天天花园,13756
天安别墅,50000
天安花园,12787
天安豪园,6858
天宝西路252弄,6500
天宝西路258弄,6500
天宝路358弄,3600
天宝路388弄,4250
天宝路410弄,4100
天居玲珑湾,3739
天山三村,4833
天山二村,5472
天山五村,4195
天山公寓,8250
天山华庭,13005
天山商厦,20000
天山四村,4717
天山小区,4287
天山怡景苑,13958
天山新苑,10133
天山星城,11553
天山河畔花园,17865
天山西路359号,3800
天山路1726弄,4500
天山路665弄,5500
天山路761号,4500
天平小区,7567
天平路36弄,13000
天平路91弄,6900
天恒名城,6010
天悦小区,4200
天成小区,5800
天星路240弄,2200
天星路241弄,2000
天星路242弄,2500
天极盛宅花园,4250
天柱山路小区,7000
天歌大厦,10000
天汇家园,3200
天汇广场,19500
天池一村,4844
天池二村,4550
天环苑,2767
天申小区,6100
天申综合小区,10750
天祥华府,10667
天禧嘉苑,3350
天科苑,13000
天籁园,19400
天缘华城,7500
天蒲小区,6500
天诚花苑,15500
天道俪晶国际公寓,5175
天钥新村,5974
天钥桥路394弄,5050
天钥桥路69弄丙支弄,4500
天钥花苑,12833
天际花园,15486
天际蓝桥,5233
天香公寓,10000
天馨花园,4670
天马高尔夫别墅,25750
天鸿公寓,9436
天鹅泉公寓,5375
天鼎花园,14625
太原路293弄,30000
太原路76号,11000
太原路87号,13000
太原邸,30740
太和小区,8900
太平花园,29000
太浜巷小区,5400
太阳公寓,12250
太阳都市花园,12492
奉浦二村,2500
奉浦苑,3650
奉苑新村,2760
奉贤路193号,8800
奉贤路221号,14000
奎照小区,4500
奎照路4弄,4300
奎照路790弄,4800
奔腾新干线,4700
奥克苑,3600
奥塞花园,6282
奥林匹克花园,5638
奥森花苑,8000
奥玎宫廷别墅,30000
好世凤凰城,6250
好世凤翔苑,4950
好世商业广场,4243
好世樱园,12333
好世皇马苑,5586
好世鹿鸣苑,8700
好世麒麟园,23667
好家园,7500
好日子大家园A区,3417
好日子大家园B区,3200
好日子大家园C区,5005
好日子大家园D区,3600
好旺花苑,6540
好第坊,5100
好莱坞小区,1300
妙城公寓,1917
妙境一村,3900
妙境二村,5000
妙境公寓,4500
妙境家园,1690
妙境路338弄,3500
妙境路370弄,3400
妙栏小区,3800
妙栏路200弄,3300
妙龙小区,5500
始信北苑,4673
姚西小区,6104
威宁大楼,6670
威宁小区,5460
威宁花苑,12000
威海苑,17000
威海路590弄,12000
子长小区,3956
孙桥公寓,5500
孙桥花苑,4084
季景铭郡,5750
学前一村,3833
学前二村,3000
学前公寓,5000
学北路20弄,3500
学府花苑,5500
学林苑,6340
学院新村,5471
学院路1号,5600
宁兴上尚湾,4633
宁和公寓,9000
宁和小区,4717
宁定大楼,8200
宁康小区,6770
宁强小区,6500
宁怡苑,4800
宁泉新苑,9400
宁波小区,7700
宁锦小区,5093
宁阳小区,4454
宁阳福邸,7840
宁阳路5弄,4000
宁馨小区,4300
宇泰景苑,10500
安业路300弄,2700
安东小区,4675
安临小区,3700
安乐坊,11000
安亭中央公园,2686
安亭大厦,1495
安亭新镇德绍豪斯,4500
安亭新镇赋苑,3533
安亭新镇雅苑,4950
安亭新镇颂苑,4700
安亭新镇风苑,3700
安亭瑞仕华庭,8722
安信湖畔天地坊,7767
安化路111弄,4600
安化路309号,4800
安化路323号,5250
安国大楼,5500
安图新村,3200
安塞小区,4500
安宁欧洲花园,5433
安居古浪新苑,3950
安居花苑,6100
安居金祁新城,4413
安康大楼,9500
安康新村,2245
安波路985弄,11000
安源小区,7575
安琪花苑,6000
安盛景园,33250
安盛杉庄,24667
安西小区,9610
安远路877号,6800
安远路891号,5500
安阁苑,3056
安顺小区,4600
安顺路231弄,5000
安顺路271号,5300
安顺路285号,5000
安顺路89弄,7500
安高东方御府,3416
安龙大楼,7500
安龙小区,2790
宋家滩小区,4767
宏伟新村,4300
宏伟路33弄,2000
宏伦大厦,8500
宏宝公寓,4250
宏惠花苑,10833
宏明雅舍,5980
宏泰公寓,19000
宏润丽园,3825
宏润公寓,11000
宏润花园,12980
宏润韶光花园,5800
宏立瑞园,3300
宏翔公寓,4433
宏苑小区,4700
定西路1235弄,5733
定西路400弄,7800
宛南一村,5320
宛南二村,3950
宛南五村,5284
宛南六村,4731
宛平88,18833
宛平南苑,12767
宛平南路170弄,6900
宛平南路268弄,5400
宛平南路431弄,7000
宛平南路493弄,8000
宛平南路500弄,5800
宛平南路65弄,5100
宛平路239号,7500
宛平路6弄,13000
宛轻公寓,7645
宜仕怡家,10667
宜君路185弄,5700
宜嘉坊,9475
宜嘉苑,2180
宜居尚城,2100
宜山路691弄,7100
宜山路701弄,4500
宜川一村,3500
宜川三村,3380
宜川二村,3070
宜川五村,3850
宜川六村,3627
宜川四村,3444
宜川小区,4150
宜德苑,9933
宜浩佳园,2247
宜达新居,2825
宝业万华城,2588
宝丰大厦,7800
宝仪花苑,4825
宝北小区,4800
宝华北岸郡墅,3900
宝华北岸郡庭,2400
宝华城市晶典,15000
宝华城市花园,8686
宝华栎庭,30000
宝华海尚郡领,11100
宝华海湾城,4400
宝华源墅,11750
宝华现代城,13024
宝南小区,9500
宝启公寓,4680
宝启花园,4500
宝地东花园,12312
宝地新品居,9100
宝地绿洲城,3142
宝城一村,4500
宝城三村,4500
宝城二村,3933
宝城大厦,7000
宝城大楼,8500
宝安新苑,4450
宝宜苑,2800
宝宸共和家园,6533
宝宸怡景园,7069
宝山一村,4200
宝山七村,3500
宝山三村,3850
宝山九村,4140
宝山二村,3240
宝山八村,5500
宝山六村,5900
宝山十村,4200
宝山路499弄,4833
宝平苑,2200
宝康大厦,6000
宝昌路600弄,3600
宝昌路632弄,4160
宝景苑,4062
宝杨路2468弄,2800
宝林一村,3570
宝林七村,3325
宝林三村,3417
宝林九村,3420
宝林二村,3445
宝林五村,3300
宝林八村,3067
宝林六村,3200
宝林四村,3225
宝林新苑,6800
宝林路50弄,4000
宝沁苑,2000
宝石公寓,9283
宝祁雅苑,3733
宝翔苑,4850
宝联小区,7500
宝莲湖景园,5000
宝菊新家园,2196
宝虹家园,2800
宝虹新苑,9500
宝通路442号,3500
宝钢一村,3375
宝钢七村,2860
宝钢三村,3275
宝钢九村,3800
宝钢二村,3400
宝钢五村,3650
宝钢八村,3405
宝钢公寓,7750
宝钢六村,3075
宝钢十一村,3300
宝钢十村,4600
宝钢又一村,8350
宝钢四村,2950
宝隆新村,5000
宝鸿小区,4950
实业公寓,8620
实华公寓,11250
实地公寓,7000
宣化路227号,10000
宣化路52弄,4700
宣桥枫庭,1967
宫宵公寓,3500
家乐苑,4550
家化滨江苑,17214
家化绿苑,15000
家旺新苑,6800
家电大楼,6767
宾川路380弄,3800
宾川路411号,2900
宾阳路11号,5500
密二小区,6500
密云小区,5132
密云花苑,6000
密云路471弄,5067
密云路621弄,7500
密山二村,3500
密山路62号,5000
富丽公寓,7250
富丽华大厦,10000
富丽花苑,7000
富丽苑,3667
富仕名邸,4100
富力桃园,3345
富力湾,12000
富力虹桥十号,16875
富友嘉园,3557
富天苑,11750
富宏花园,20667
富容大厦,10500
富岩路335弄,2600
富康花苑,2500
富弘苑,3756
富强街78号,4300
富强街80号,5500
富成小区,2800
富林苑,5414
富民公寓,15500
富民路255弄,7160
富浩河滨花园,4000
富浩花园,6000
富源小区,6500
富源花苑,1000
富特三村,3400
富特五村,4130
富特四村,3567
富田花园,3150
富甸公寓,7000
富秀苑,3100
富绅时代公馆,2100
富辰花苑,3000
富邑华庭,9000
富都园,2003
富鑫苑,4000
富锦路1659弄,3500
富隆苑,3524
寺前浜,4077
寿一小区,4000
寿光路161弄,3833
寿昌坊,5500
寿益坊,6629
寿祥坊,4950
尊园,17090
小上海新城,3629
小囡桥小区,2367
小塔前,3500
小富人家,5000
小木桥路101弄,6500
小木桥路227弄,6000
小桥里,5800
小湾村,13000
小红楼,5500
小金元,4300
小黑石公寓,27000
尚东国际名园,13408
尚东鼎,39000
尚城汇景园,7000
尚汇豪庭,19167
尚泰里,20160
尚浦名邸,20438
尚海湾豪庭,24883
尚诚国际苑,15000
尼德兰北岸,21500
尼德兰官邸,10250
尼德兰花园,5100
局北村,4000
局南村,4200
局门后路19号,7000
局门后路21号,5200
局门后路61号,5000
局门路405弄,4800
居家桥路520弄,5000
居礼别墅,45167
居礼苑,15450
山北小区,6900
山水世纪,15143
山水国际,16197
山水景苑,6167
山泉花苑,9000
山西南路258号,4500
山西南路264号,4500
山语原墅,10633
山鑫公寓,2050
山鑫阳光城,2400
屹立家园,6833
岚灵小区,3833
岚皋大楼,4915
岚皋西路224号,5800
岚皋西路45弄,7500
岚皋西路95弄,5600
岚皋馨苑,6800
岭南家园,4300
岭南小区,3667
岭南翠庭,7000
岭南苑,6320
岭南路700弄,3500
岭南雅苑,3450
岳州路371弄,4200
岳阳公寓,22250
岳阳大楼,9967
岳阳路170弄,6900
岳阳路200弄,17333
岳阳路77弄,9178
峥宸苑,10000
峨山小区,5284
峨山路455弄,6450
峨山路605弄,6000
峨海小区,7533
崂山三村,4617
崂山二村,4375
崂山五村,4898
崂山六村,4910
崂山四村,4530
崂山新村,5017
崇业小区,5833
崧文苑,2600
崧泽华城佳福雅苑,2200
崧泽华城华中苑,2050
崧泽华城崧文阁,1800
崧泽华城昱翠雅苑,1600
崧泽华城秀景苑,2333
崧泽华城青湖苑,3000
崧润路800弄,2450
崧涵庭,3300
崮山小区一街坊,4094
崮山小区三街坊,4494
崮山小区二街坊,4246
崮山小区四街坊,4740
崮山路260号,5800
川北小区,3100
川杨新苑,4256
川杨璟苑,5000
川沙公寓,1760
川沙新川路190弄,3217
川沙路2387号,18000
川沙路5046弄,3267
川环南路408弄,4000
川虹小区,4300
川虹新苑,4580
工业新村,2000
工农三村,4767
工农二村,3700
工农南路220弄,3100
工农四村星源公寓,4400
工农四村星源绿苑,4633
工农四村星源花苑,5500
工农四村联银公寓,6000
工农新村,2000
工汇花苑,5950
巨东小区,4587
巨富大厦,50000
巨峰家苑,6243
巨杨小区,4902
巨洋豪园,11250
巨西小区,5280
巨野公寓,6500
巨野小区,4650
巨鹿路360号,15000
巨鹿路374弄,9000
巨鹿路385号,7300
巨鹿路735弄,16000
巨鹿路775弄,8300
巨鹿路785弄,14000
巨鹿路845弄,22000
巨龙台湾城,1600
巴士小区,6300
巴林小区,4675
巴林路80弄小区,4500
巴洛克宫廷,28167
巴黎之春,9458
巴黎公寓,15000
巴黎花园,17643
巷佳华苑,3300
巷佳华苑 ,2020
巷欧华苑,2800
市京一村,4733
市光一村,4475
市光三村,3931
市光二村,3700
市光四村,4599
市光路60弄,6567
市北祥腾麓源,3420
市政大楼,11375
市政家园,8000
市民新村,5849
市益大楼,6600
布长街52弄,2000
布鲁斯小镇,3281
希悦庭公馆,2900
希望大楼,2500
帕缇欧香苑,9100
帝庭,25500
帝景园,3800
帝豪苑,24000
常兴家园,4533
常发豪庭国际,8533
常德名园,15500
常德大厦,10000
常德路958弄,6500
常熟路112弄,10000
常熟路228弄,7100
平凉小区,5150
平凉路1777弄,4700
平南一二村,5260
平南三四村,4260
平吉一村,6350
平吉二村,4920
平和大楼,5200
平和里,8033
平型关路240弄,4000
平型关路245弄,3500
平型关路250弄,4000
平型关路255弄,4300
平型关路300弄,3800
平型关路450弄,4000
平广大楼,4950
平民后村,4653
平江盛世家园,5680
平盛苑,12000
平福小区,3850
平阳一村,4750
平阳三村,4100
平阳三街坊,4800
平阳二村,5275
平阳新村四街坊,5136
平阳绿家园,4928
平顺小区,4033
平顺路790弄,4250
平顺路875弄,3100
平顺路941弄,3800
平顺路980弄,3100
年家浜路321号,3000
年家浜路334号,5000
年家浜路496弄,4200
幸福公寓,6167
幸福小区,5167
幸福小镇,5728
幸福新苑,4100
幸福村小区,5000
幸福第一公寓,4720
幸福老公寓,35000
幸福路7号,4500
幸运福邸,9500
广中一村,4600
广中二村,4667
广中扩大小区,3180
广中苑,7200
广中路312号,4600
广中路350号,4800
广中路368弄,4767
广中路400号,12000
广中路446号,3800
广中路460号,4250
广中路462号,3200
广中路470号,4800
广中路554号,3000
广元路139弄,12000
广元路193号,12800
广兰名苑,10500
广厦公寓,8833
广场大厦,13833
广延路26弄,3500
广延路415号,5000
广延路49弄,3600
广延路52弄,4800
广德苑,5500
广杭苑,7250
广汇花苑,11000
广洋华景苑,8856
广洋新景苑,11500
广洋苑,3814
广海花园,5294
广灵二村,4600
广灵四路365弄,6500
广电大楼,7500
广益路9弄,2600
广盛苑,6083
广粤公寓,8500
广粤支路57弄,5600
广联新苑,6750
广苑小区,3500
广茂苑,4800
广虹二村,4000
广虹公寓,4338
广虹商苑,4650
广虹馨苑,5167
广裕小区,4100
广达新苑,5600
广远新村,2500
广隆公寓,13450
庆丰新村,2500
庆余公寓,8000
庆华新村,2200
庆安一村,3000
庆安苑,3012
庐迅大厦,10750
府村苑,6650
康乐大楼,8500
康乐小区,4551
康乐花园,5900
康健丽都,8400
康健公寓,7033
康健新村,3500
康健星辰,21000
康健路100弄,4527
康健路120弄,4120
康健路1号,5200
康健路25弄,4965
康健路3号,4200
康健路51弄,6000
康健路55弄,5000
康健路77弄,3800
康兴花园,20000
康发小区,2000
康宁坊,3583
康宁雅庭,17333
康定大厦,8000
康定大楼,10200
康定路271号,6500
康定路841号乙,5800
康平大楼,7500
康平小区,4054
康平路207弄,8900
康平路95号,8533
康庭苑,6750
康强坊,6150
康怡苑,6840
康悦亚洲花园,7000
康敏苑,2250
康林公寓,4750
康桥半岛,14044
康桥半岛国际公寓,6700
康桥半岛密苏里假日公寓,11125
康桥半岛翠庭别墅,34000
康桥华庭,17000
康桥名郡,14000
康桥宝邸,2858
康桥月苑,3133
康桥水都,5180
康桥花园,5250
康沁苑,11850
康沈路1472弄,3700
康沈路1646弄,3500
康泉小区,3500
康泰东苑,6300
康泰公寓,6050
康泰新城,6162
康海大楼,12000
康湾苑,3700
康瞿小区,7500
康花新村,5500
康虹佳园,7400
康虹园,11519
康虹花园,6250
康达公寓,3300
康阳小区,5900
康馨家园,2800
康馨花园,10000
廖南小区,2733
延北小区,4592
延吉七村,4230
延吉三村,3872
延吉东路130弄,3650
延吉东路131弄,5000
延吉东路555弄,3200
延吉东路5弄,3500
延吉东路82弄,3520
延吉中路117弄,3300
延吉中路320弄,4300
延吉五村,3850
延吉六村,3450
延吉四村,3925
延安中路1135弄,30000
延安中路527号,6000
延安中路632弄,8000
延安嘉苑,14000
延安西路1236弄,6500
延安西路150弄,6750
延安西路376弄,7000
延安西路489弄,12000
延平大厦,12000
延平小区,4200
延平路237弄,7500
延平路450弄,7200
延平路462弄,5000
延武机电大楼,6600
延西小区,6350
延铁小区,4400
延长中路451弄,4050
延长小区,4820
延长路265弄,4500
建业新村,6400
建中大楼,6000
建中路126弄,5200
建中路171弄,7500
建华公寓,6722
建华新苑,13020
建南新村,2300
建发江湾萃,24750
建发玖珑湾,5625
建发璟墅,37500
建唐大楼,5000
建国大厦,16500
建国西路211弄,8800
建国西路358弄,10500
建国西路44号,7500
建国西路46号,8500
建国西路695弄,7500
建宁大厦,9000
建工天峰公寓,6250
建德南郊别墅,19000
建德国际公寓,8000
建德坊,13880
建德小区,8000
建德花园丁香苑,6800
建德花园海棠苑,5350
建德花园玫瑰苑,8600
建德花园百合苑,2140
建德花园紫荆苑,5200
建德花园郁金香苑,6267
建新小区,5100
建明花苑,7200
建机新村,3800
建西小区,5675
建设公寓,6800
建设新村,7100
建设新苑,6500
建设花园,1390
建设路39弄,3100
建设路51号,2500
建邦16区,12950
建银曙光小区,6350
开元地中海,3118
开元坊,3760
开元广场,9250
开元新都,6960
开发浦东,7430
开城公寓,8500
开城新村,4600
开城新苑,13500
开开公寓,6800
开开大楼,5900
开鲁一村,3900
开鲁三村,4050
开鲁二村,3300
开鲁五村,4000
开鲁四村,4275
开鲁路17号,2800
开鲁路25号,4300
开鲁路382弄,3400
引翔港小区,4740
弘扬公寓,4645
弘扬沁园,9316
弘扬雅苑,5080
弘辉名苑,12633
张家宅小区,6250
张家浜小区,5078
张杨北路5449弄,3600
张杨南苑,3852
张杨花苑,8400
张杨路370弄,5025
张桥小区,4500
张江新苑,8500
张江汤臣豪园,12081
张泾小区,4500
张虹路90弄,4300
张马路15弄,2200
张马路18弄,2800
强家渡小区,4300
强生古北花园,25941
强生花苑,10000
当代新华,18875
当代清水园,15641
当代高邸,3443
彩虹园,3500
彩虹新村,3200
彩虹雅苑,2771
彭五小区,3933
彭新小区,3800
彭浦新村,4000
彭豪公寓,3800
彭顺小区,3775
徐家汇景园,13750
徐家汇花园,13484
徐家汇路77弄,4990
徐汇世家花园,8800
徐汇中凯城市之光,80000
徐汇公园道壹号,18000
徐汇公寓,7250
徐汇华园,3500
徐汇御苑,15500
徐汇新城,7282
徐汇新干线,6833
徐汇芳邻,4250
徐汇苑,15667
徐汇锦梅苑,4500
徐汇长春苑,5800
徐汇馨苑,8000
徐泾北城欣沁苑,4300
徐虹北路28弄,4300
徐虹华庭,12000
徐虹路110弄,5767
徐虹路112弄,7150
御上海,4814
御品园林,16500
御景华庭,5800
御景园,16278
御景豪园,7000
御景龙庭,3000
御桥花园,4390
御桥馨华苑,4800
御沁园,5345
御泓苑,18667
御涛园,32111
御澜湾,10414
御翠园,95000
御翠豪庭,22027
微山三村,6000
微山二村,4726
微山新村,5047
德华一村,3833
德华二村,3150
德华四村,4650
德圣苑,6000
德川新苑,6500
德州一村,6800
德州七村,4512
德州三村,5600
德州二村,3975
德州五村,3933
德州六村,4100
德州四村,4164
德州大楼,5150
德州路450号,4500
德州路456号,3000
德怡苑,5140
德欣苑,20000
德玛公寓,16000
德祥苑,3600
德西大楼,5600
德邑小城,3960
德都路165弄,2550
德都路268弄,6000
德锦苑,5775
德阳花苑,9500
心圆东苑,4100
心圆西苑,3383
心族公寓,7500
忆梅村,11000
志业公寓,7800
志丹苑,6300
志丹路181弄,3400
志园公寓,7750
忠烈小区,4400
快乐家苑,7000
怒江新苑,9500
怒江苑,7400
思凡南苑,2775
思凡花苑三街坊,2600
思凡花苑二街坊,2500
思凡花苑六街坊,1800
思南公馆,34714
思南新苑,19543
思南路115弄,7000
思浦小区,4680
思美公寓,5000
怡东花园,16214
怡乐花园,14000
怡佳苑,4510
怡华家园,2800
怡君苑,21500
怡心苑,2810
怡景大厦,7900
怡景花园,2800
怡桂苑,7050
怡泰家苑,12000
怡田小区,2467
怡甸公寓,13500
怡福苑,8000
怡绿公寓,6500
怡静园,2300
总统公寓,18333
总装备部上海干休所,4500
恒业公寓,11500
恒业路118弄,6500
恒丰古北家苑,25000
恒丰大楼,10000
恒乐苑,6233
恒力锦沧花园,7750
恒升半岛,6100
恒升大厦,3875
恒嘉花园,3100
恒城花苑,10000
恒基不夜城,7850
恒基旭辉中心,10400
恒大华城上河苑,7750
恒大华城东林苑,5000
恒大华城天地苑,8590
恒大华城新华苑,5100
恒大华城梅山苑,4800
恒大华城长清苑,6500
恒大小区,4686
恒大星级公寓,11667
恒大翰城瀚林苑,8933
恒宇小区,3200
恒安大厦,9450
恒安小区,4233
恒安阁,3030
恒昌花园,16000
恒杰丁香花园,4661
恒森广场,10500
恒泰家园,7500
恒源大楼,6800
恒盛湖畔豪庭,3178
恒盛苑,15576
恒盛豪庭,7000
恒盛鼎城华公馆,6300
恒盛鼎城圣都汇,6840
恒联名人世家,36000
恒联新天地花园,11000
恒越生活广场,6000
恒通公寓,7500
恒阳花苑,7875
悉尼阳光,8665
悠和家园,8340
悠雅曹杨,7250
悦丰新苑,6000
悦华小区,12000
悦来小区,7080
悦达花苑,8810
惠元新天地家园,3000
惠北新村,1800
惠南一方新城,3950
惠南小城,2020
惠康苑,1719
惠康苑东苑,1300
惠康苑西苑,1750
惠德公寓,8270
惠德新邨,4754
惠明苑,4783
惠民公寓,6000
惠益新苑,2038
惠益新苑南苑,2300
惠达大厦,24000
愉景华庭,6454
意和家园,8000
意墅家,8000
愚园书香公寓,20000
愚园公馆,22560
愚园坊,12800
愚园路1032弄131支弄,9000
愚园路1249弄,40000
愚园路348号,19000
愚园路457弄,18000
愚园路532弄,10250
愚园路627弄,4300
慈爱公寓,10000
慈竹路175弄,1629
慈竹路69弄,2150
慈竹路70弄,2050
慈竹路836弄,1625
慧华东苑,3975
慧华苑,5100
慧芝湖花园,11530
懿园,7800
成亿宝盛家苑,4000
成亿家园,6550
成发苑,7900
成都北路337号,6000
打浦大楼,8500
打浦路303弄,4365
打浦路339弄,5182
打浦路470弄,5500
打虎山路118弄,8500
打虎山路6弄,5200
打虎山路84弄,4000
扬子江家园,13667
扬盛佳苑,4500
扶兰路9弄,2620
抚顺路250弄,5000
抚顺路363弄,3733
报春一村,4414
报春三村,4000
报春二村,4400
报春四村,4260
招商南桥雅苑,3640
招商海廷,7125
招商海德名门,5800
招商虹桥华府,7353
招远小区,5700
振光大厦,5900
振兴小区,5532
振兴新村,2550
振华大楼,9500
振华里小区,13500
振安广场,15000
振宏小区,7000
振新大厦,40000
振虹苑,7183
振鑫花苑,4897
挹翠苑,6167
控江七村,3500
控江东三村,4000
控江二村,4667
控江二村107弄小区,4640
控江五村,3700
控江六村,4125
控江四村,3750
控江小区,4633
控江新村,4050
控江绿苑,3833
控江西三村,3800
控江路1039弄,3700
控江路1197弄,4200
控江路1200弄,3436
控江路1209号,5500
控江路1523号,4000
控江路1525弄,5500
控江路2026弄,4500
控江路478号,3300
控江路635号,3000
控江路645弄,4567
控江路652弄,3300
控江路740弄,3500
控江路888弄,3500
摩卡小城,5814
摩登堂,7250
放生池花园,7500
政修路19号,4400
政修路27号,4800
政宁小区,7925
政本路350弄,3800
政民路230弄,5445
政民路511弄,3600
政立小区,6333
政立路6弄,3500
政肃路45弄,6400
政通新苑,5200
政通路100弄,7900
政通路118弄,6833
政通路285弄,8000
政通路305弄,8000
政通路42弄,6420
救护大队路39号,2300
教苑新村,2833
敦化路6弄,5000
敦昌别墅,11800
文兰小区,5400
文化佳园,13860
文化名园,5233
文化新村,2533
文化花园明珠苑,6000
文化花园清华苑,8833
文化花园香榭丽苑,7883
文化馨苑,6000
文华苑,4184
文南公寓,7300
文宇公寓,7500
文定天下苑,10550
文定路85号,7000
文宝苑,3770
文宸花苑,1800
文怡花园,2850
文怡苑,4150
文景苑,4617
文汇小区,4750
文缘村,4000
文翔名苑,5421
文苑小区,4080
文馨园,2490
文馨苑,8000
斜土新村,5303
斜土路102号,5500
斜土路1220号,6500
斜土路12号,4800
斜土路1358弄,4750
斜土路1620号,6500
斜土路1674弄,5950
斜土路2200弄,4532
斜土路330弄,4800
斜土路486弄,4350
斜桥公寓,8000
新一小区,3700
新上海花园洋房,21000
新世纪公寓,5243
新世纪名苑,8500
新世纪广场,21000
新世纪花苑,4983
新东苑国际酒店式公寓,7500
新中小区,5800
新中新村,3433
新中苑,12055
新丰家园,4300
新丰小区,5067
新丰花苑,2800
新乐小区,5500
新乐雅苑,3033
新光大楼,7667
新光小区,5800
新凤凰城,2000
新凤城,9967
新凯城丹桂苑,3400
新凯城尚樱苑,2200
新凯城玉兰苑,3533
新凯城紫荆苑,3200
新凯城钟秀苑,3080
新凯城银杏苑,2983
新凯城锦昌苑,3550
新凯城香樟苑,4300
新凯家园,3835
新北花苑,2800
新华世纪园,17000
新华公寓,8963
新华别墅,5000
新华南园大厦,8189
新华名门,9450
新华大厦,14000
新华小区,2730
新华御庭,13750
新华苑,10250
新华路669弄,4990
新华路一号,80000
新南家园,2621
新南小区,4800
新南路壹号,9608
新发展公寓,3850
新园大楼,5860
新地大厦,4490
新地苑,14500
新城公寓,3600
新城公馆,14500
新城名园,9000
新城名庭,6645
新城家园,2767
新城尚上城,2138
新城尚景,6567
新城忆华里,20000
新城悠活城,3726
新城昱翠湾,2650
新城水云间,4850
新城海上名园,10800
新城盛景园,3548
新城碧翠,21971
新城花园,35000
新城花屿湾,1750
新城逸境园,2967
新城金郡,3825
新城香溢澜庭,5300
新城香溢璟庭,3933
新城香溢都荟,2502
新外滩花苑,16278
新天地河滨花园,16470
新天地荻泾花园,5079
新天家园,10067
新宁小区,4967
新安公寓,20000
新安小区,5600
新宏安大厦,8733
新宏安家园,12233
新宜小区,3400
新家坡园景苑,13556
新家坡美树馆,21750
新川公寓,4567
新川小区,3800
新川苑,4000
新川路742弄,3700
新市公寓,6200
新市家园,3500
新建中路558弄,1500
新建中路618号,1600
新建西路129号,2000
新弘国际公寓,9705
新弘国际城,3743
新律花园,50000
新德三村,3700
新德佳苑,3258
新德公寓,3600
新德路365弄,4000
新德路379弄,3200
新德路386弄,4500
新德路502弄,4000
新德路506弄,4800
新德路558弄,4200
新悦坊,4200
新成三坊四坊,2533
新成五坊,2300
新成八坊,3300
新文苑,11000
新时代富嘉花园,11814
新时代景庭,12018
新时代花园,4655
新昌里公寓,5600
新明大楼,7750
新明星花园,6600
新春苑,2100
新月明星园,2200
新月明珠园,1800
新月翡翠园,5000
新村路350弄,4475
新松嘉园,2200
新柳公寓,8000
新桥首府,3333
新梅公寓,2792
新梅共和城,10500
新梅广场,2375
新梅淞南苑,3880
新梅绿岛苑,5600
新梅花苑,4467
新梅莘苑,6820
新水桥公寓,4100
新汇公寓,9325
新汇绿苑,2350
新江大楼,6500
新江湾中凯城市之光,13000
新江湾佳苑,9500
新江湾城雍景苑,7250
新江湾时代花园,6633
新汾阳公寓,22500
新沪东公寓,4830
新沪小区,4267
新泰馨苑,3200
新泾一村,5084
新泾七村,4811
新泾三村,4937
新泾二村,3782
新泾五村,4663
新泾八村,4750
新泾六村,5348
新泾北苑,5167
新泾四村,5000
新泾家苑,3400
新泾苑,4800
新洲豪园,5000
新浦江城,10283
新海小区,5550
新润花苑,5267
新湖云庭,7020
新湖明珠城,11461
新潮时代大厦,8000
新环东路88号,5500
新珠苑,8000
新理想花园,3738
新申小区,3000
新申花城茉莉苑,3800
新电小区,6633
新福康里,9500
新空间家园,7000
新红厦公寓,9333
新翔公寓,6367
新育公寓,3933
新舒苑,1575
新花苑,5900
新芳邻,4700
新虹桥亚洲花园,13600
新虹桥明珠花园,5864
新虹桥雅苑,8990
新虹桥首府,5750
新衡公寓,11250
新西街82弄,2000
新逸仙公寓,2090
新都名园,4650
新都城公寓,11267
新都花园,11625
新里城和合苑,3842
新里米兰公寓,3300
新金山花园,4200
新锦港花园,3500
新长小区,3533
新长征花苑,5292
新闵小区,2690
新闸大厦,16000
新闸路1644弄,8200
新闸路1748号,120000
新陆花苑,6467
新陈路25弄,5500
新青浦佳园,3733
新青浦花苑,3388
新顺小区,4900
新顾村大家园A区,4667
新顾村大家园B区,4433
新顾村大家园C区,6750
新领地,5921
新风小区,4872
新高桥春晖苑,4000
新高苑,3486
新黄小区,4400
新黄路11弄,3100
新黄路15号,2800
新黄路50号,3600
方塔东二村,2300
方舟园三村,4600
施新路773弄,3000
施湾家园,2000
施镇公寓,2400
旅专小区,5625
旅顺路71弄,4200
旅顺路79号,4300
日晖二村,4520
日晖五村,4467
日晖六村,4118
日月光水岸花园,8183
日月华城,3883
日月华庭,5150
日月新殿,7225
日月星城,3827
日月星辰,11000
日月豪庭,11171
旭丽花园,7000
旭辉依云湾,4480
旭辉华庭,2800
旭辉安贝尔花园,3333
旭辉新构想,10600
旭辉朗悦庭,2100
旭辉江湾墅,20500
旭辉澜悦湾,2733
旭辉玫瑰湾,3012
旭辉百合宫馆,3064
时运大楼,7600
时运苑,4650
旺族家园,10000
昆仑花苑,5100
昆山路227号,18000
昆明路1268弄,4000
昆阳小区,2336
昆阳路620弄,2067
昌七小区,4844
昌五小区,4056
昌化路977弄,4200
昌四小区,4300
昌平路433号,6000
昌平路439号,4600
昌盛苑,3800
昌里花园,9712
昌里路167弄,3930
昌鑫世纪园,6000
昌鑫协和园,7050
昌鑫家园,2060
昌鑫时代绿园,5050
昌鑫花园,4814
明中龙祥家园,5166
明丰世纪苑,6800
明丰佳园,3900
明丰公寓,3040
明丰花园,4787
明丰苑,5850
明佳公寓,6900
明佳苑,7300
明光公寓,6000
明华大厦,9800
明华苑,10750
明园世纪城,27333
明园小安桥,13500
明园森林都市,9576
明城海湾新苑,2000
明天华城,4120
明安馨苑,12250
明德坊,13400
明日新苑,3795
明日星城,7557
明月坊,6500
明杨豪苑,15000
明欣公寓,2590
明泉公寓,6500
明珠家园,13500
明珠小区,5000
明珠新苑,1000
明珠花苑,4780
明珠苑,4959
明申花园,23667
明祥苑,1675
明纶园,5033
明辉苑,13375
昕泰苑,6900
星丰苑,4117
星云小区,6525
星云苑,7000
星保花苑,4000
星俪苑,15500
星城花苑,4050
星宇大楼,14000
星惠佳苑,10000
星晓家园,3000
星河世纪城,4641
星河景苑,3075
星海家园,2500
星火大楼,8900
星福家园,4250
星纪花苑,4750
星纳家园,4000
星罗苑,6333
星苑小区,4183
星辰园,5379
星金家园,3500
星霞苑,8020
春华苑,7000
春天花园,15400
春峰苑,5000
春房小区,6267
春晖小区,5260
春晖苑,5000
春江小区,3200
春江美庐,15000
春江花悦园,5315
春江锦庐,7240
春港丽园,5005
春申五村,4567
春申城四季苑,4508
春申府邸,5633
春申景城MIDTOWN,13833
春申景城湖滨晨韵,5833
春申景城湖畔林语,7291
春申玫瑰苑,6025
春辉新村,4562
春雷路250弄,3000
春雷路354弄,2800
春馨苑,5000
昭化小区,5900
昭化路60弄,4500
昱龙家园,2869
晋元路95号,4400
晋元里,6265
晓园,26167
晟业佳苑,7775
晨光公寓,4500
晨兴公寓,3750
晨兴花园,3250
晨岛花苑,9600
晨林花苑,8500
晨阳小区,3050
普乐三村,3725
普乐二村,3100
普善新苑,6600
普康苑,2557
普育东路26号,4500
普育东路28号,6000
普育小区,5500
普育西路54号,10000
普铁新村,2360
普陀二村,4150
普陀四村,5030
普雄馨苑,5650
景凤小区,3567
景凤路189号,4200
景凤路205弄,4500
景凤路380弄,3367
景华新村,6300
景博花园,21000
景和茗苑,5000
景尚缇香,7000
景峰苑,4233
景怡花苑,14167
景星苑,15000
景江公寓,8250
景江苑,3464
景泰大厦,18000
景泰大楼,12900
景港名人苑,5200
景源佳苑,4560
景源名墅,1550
景瑞尚滨江,30000
景瑞花园,7350
景福苑,16000
景舒苑一村,2700
景舒苑七村,4000
景舒苑三村,3925
景舒苑九村,4233
景舒苑二村,4767
景舒苑八村,4083
景舒苑六村,5067
景舒苑十村,3780
景舒苑四村,4325
景谷苑,3100
景都公寓,4000
景阳小区,3500
晴川佳苑,4200
晶杰苑,7600
晶欣坊,4120
晶波坊,4530
晶珑坊,5022
晶苑,8550
晶采名人大厦,16000
曙光东苑,6900
曙光南桥小区,2975
曙光新区,2467
曙光新村,2525
曙光新苑,2700
曙光路25弄,3350
曙航苑,3900
曲一花苑,7200
曲园,180000
曲沃小区,3400
曲阳名邸,6850
曲阳路487弄,4750
曲阳路769号,5100
曲阳路920弄,8000
曹安景林苑,6644
曹家巷小区,5126
曹建路201弄,3650
曹建路220弄,3800
曹杨七村,4000
曹杨三村,3885
曹杨九村,3950
曹杨二村,4800
曹杨五月天,2260
曹杨五村,4960
曹杨八村,4598
曹杨六村,5100
曹杨君悦苑,12500
曹杨四村,4900
曹杨家园,5800
曹杨新苑,5800
曹杨汽车公寓,9000
曹杨花苑,3871
曹杨路280弄,5500
曹江公寓,5800
曹路家苑,5000
曼克顿豪庭,19430
月亮河桂园,8300
月亮湾园,5650
月光流域,36500
月厦新天地,2300
月夏香樟林,4500
月季园,2060
月桂苑,4367
月浦七村,2000
月浦三村,2300
月浦九村,2300
月浦八村,2200
月浦十村,2433
月浦四村,2300
月罗路300弄,2000
朗庭上郡苑,9575
朗诗未来树,3053
朗诗未来街区,2300
朗诗绿岛,5067
朗诗绿色街区,10200
朗诗虹桥绿郡,25500
望族城,27333
望族新城,10100
望族新苑,6482
望族苑,11500
望景苑,19000
望江苑,10000
朝农新村,1000
朝阳大楼,7000
朝霞新苑,6330
未名园,7000
未来域,6395
本溪路149弄,4500
朱家滩小区,4624
朱家门小区,4460
朱梅小区,5000
朱行三村,3767
朱行四村,3667
朱行新四村,4050
机场新村,5000
杉林新月,5025
李园一村,2150
李园二村,2408
杏园,4500
杏花新苑,6000
杜家宅小区,5750
杜家滩1号,3500
杜鹃园,4300
杨南新村,3508
杨园七村,3000
杨园二村,4300
杨宅小区,7095
杨宅路2号,5350
杨家宅小区,3867
杨家桥小区,3250
杨思水境园,6200
杨思路502弄,3795
杨新路198弄,3500
杨树浦路2811弄,3200
杨树浦路2815号,3600
杨桥第一小区,4655
杨泰一村,3000
杨泰三村,3800
杨泰二村,3597
杨泰春城,4333
杨浦公寓,11500
杨浦大厦,12000
杨浦欣园,5500
杨镇新村,5420
杨高北路1887弄,4000
杨高南路2877弄,4000
杭州路912号,5200
杰仕豪庭,17500
杰圣家苑,7000
松乐南苑,3850
松乐苑,3867
松云水苑,5411
松云银座,4850
松林小区,5900
松汇中路948弄,3300
松汇中路97号,3000
松汇西路276号,2600
松汇路47弄,2500
松江颐景园,3866
松石苑,8600
松花一村,3920
松花公寓,5800
松花江路205弄,9500
松花江路223弄,3950
松花江路2599弄,5400
松花江路2603弄,4300
松花江路2605弄,3200
松花江路40弄,4500
松花江路46号,3000
松花江路95弄,4667
松苑小区,5650
松风花园,4950
极景易家,4560
林梅小区,4600
林水美地苑,6409
林绿家园,5600
果园一村,3800
果园二村,4025
果园小区,1950
果园新村,1500
枣庄路118弄,5267
枫丹白露别墅,10000
枫庭丽苑,7550
枫景苑,8400
枫林新村,4628
枫林路14弄,7025
枫林雅苑,10000
枫树林景苑,2700
枫桥丽舍,5300
枫桥苑,9500
枫桦景苑,4175
枫泽苑,3573
柏丽华庭,5000
柏林映像,5160
柏林春天,4817
柳博小区,4144
柳林公寓,4875
柳湖景庭,3300
柳湖路481弄,2690
柳营路1025弄,5250
柳营路309弄,4100
柳营路319弄,4067
柳营路629弄,4500
柿子湾小区,4660
柿子湾路6号,4500
栅桥小区,3800
树园新苑,2150
栖山家园,4975
栖山小区,4784
栖山路130弄,6500
栖山路140弄,5000
栖山路1689弄,4967
栖山路1861弄,3350
栖山路450弄,5500
桂巷新村,4825
桂平小区,5437
桂平路277弄,7750
桂康小区,3300
桂林新苑,4800
桂林苑,5850
桂梅别墅,8800
桂花园,3133
桂莘小区,4167
桃园公寓,3750
桃园新城中城苑,2267
桃园新城中虹佳园,3025
桃园新村,2733
桃李园小区,3200
桃林一小区,6972
桃林公寓,4310
桃林小区,7038
桃浦一村海棠苑,4233
桃浦一村瑞香苑,4025
桃浦七村雪松苑,3467
桃浦三村和乐苑,3600
桃浦三村石榴苑,3427
桃浦九村,2968
桃浦二村永汇新苑,2430
桃浦五村杜鹃苑,3300
桃浦六村樱花苑,3367
桃浦六村绿春苑,3600
桃浦十村,3940
桃浦四村易居紫荆苑,3246
桃浦新家园,2567
桃浦西路443弄,4850
桃源公寓,4000
桃源新村,6336
桃源艺筑,3300
桃花源新村,3250
桃花源田庄,35000
桥一小区,4886
桥畔小区,5400
桥苑公寓,9300
桥英馨苑,2200
梅六小区,3950
梅园一街坊,5250
梅园七街坊,4818
梅园三村,6821
梅园三街坊,4999
梅园二街坊,5540
梅园五街坊,5748
梅园六街坊,5372
梅园四街坊,5287
梅园教师公寓,3325
梅园新村,4728
梅山大楼,9500
梅山馨苑,9000
梅岭新村,3800
梅岭苑,4700
梅川一街坊,4975
梅川二街坊,5177
梅川四街坊,4675
梅林小区,3250
梅福花苑,6150
梅花新村,4850
梅花村,8000
梅花苑,8875
梅花路138弄,2600
梅花路169弄,3000
梅苑,4000
梅莲苑,10250
梅陇一村,4175
梅陇七村,3940
梅陇三村,4072
梅陇九村,4029
梅陇二村,3767
梅陇五村,4111
梅陇八村,4671
梅陇六村,3750
梅陇十一村,3989
梅陇十村,4300
梅陇四村,4526
梓树园,10742
梓潼公寓,4900
梓潼新村,3600
梦丹苑,2486
梦蝶苑,7100
梧柏小区,3800
梧桐城邦,9196
梧桐花园,16286
梵高馆,25000
棕榈泉花园,39714
棕榈滩海景城,1756
森兰名佳,9600
森兰名轩,6650
森安苑,4000
森林公馆乐莫苑,2300
森林湾公寓,8500
森都公寓,5750
森陇家园,9200
椰泰公寓,6800
楼下佳苑,3400
楼园小区,4989
榆林路650号,5200
榆林路660号,5800
樟树缘公寓,4215
樟树苑,5315
模范村,19000
横泾新村,1800
横港路133号,3600
樱源晶舍,9000
樱花园,4540
樱花坊,7180
樱花路309弄,9000
樱花路89弄,6550
橡胶小区,6086
檀乡湾,4333
檀宫,400000
檀香湾,11750
檀香花苑,10450
欣佳宝邸,2800
欣兰苑,2400
欣周花园,5500
欣嘉苑,6240
欣园新邨,5500
欣安大厦,16500
欣宏嘉园,8965
欣德花苑,4600
欣怡小区,4800
欣晟家园,9216
欣欣家园,4000
欣欣苑,2200
欣欣苑小区,2500
欣绿名苑,8967
欣绿小区,7000
欣菊苑,4500
欣连苑,5000
欣逸家园,4500
欣顺小区,4000
欧九小区,5200
欧五小区,3775
欧四小区,5925
欧江大厦,25000
欧洲凯城园,9600
欧洲花园,8500
欧阳花苑,5800
欧阳路331号,2800
欧阳路500弄,6300
欧阳路555弄,5500
欧阳路591号,3500
欧韵艺墅,22000
欧风家园,3100
欧风花都,7184
欧香名邸,26500
欧高路138弄,4500
歌林春天馨园,10800
正力公寓,15000
正南花苑,7467
正文花园,9333
正旺苑,5025
正红里,6000
正荣国领,8000
正达公寓,7100
正阳世纪星城,3068
正阳领郡,5250
步高苑,19333
武夷大楼,7500
武夷花园,14875
武夷路207弄,3500
武夷路219弄,5100
武夷路519弄,5500
武宁一村,5025
武宁四村,5500
武宁小城,4830
武宁苑,7500
武宁路200弄,4100
武定大厦,13600
武定西路1287号,4500
武定西路1320号,4000
武定西路1371弄,5500
武定路540弄,8100
武川路245弄,4033
武川路99弄,3800
武康路280弄,12167
武康路391弄,9900
武康路6弄,20000
武康路73弄,13750
武康路8号,15333
武泰公寓,11333
殷行一二村小区,3900
殷行一村,4275
殷行二村,3000
殷行路305弄,4000
殷行路307弄,3600
殷行路310弄,3100
殷行路430弄,3367
殷行路451弄,4000
殷行路470弄,4500
殷行路571弄,3300
殷高小区,4150
殷高路149弄,5700
殷高路154号,3200
毕加索小镇,7175
民东公寓,4840
民主东街142弄,1790
民主东街170弄,3800
民主二村,5000
民主敦发小区,4425
民主新村,4600
民主紫竹苑,6500
民主花园,6396
民主街276弄,3500
民主街32弄,2800
民主街6号,3300
民乐一村,4150
民乐二村,3833
民乐佳苑,3109
民乐四村,3650
民乐城惠园,1950
民乐城惠益绿苑,2133
民乐城秀园,1200
民乐社区南苑六村,2350
民京路837弄,4600
民华小区,4500
民庆家园,6800
民康苑,4615
民建新村,3550
民心小区,4850
民悦苑,4422
民星一村,4200
民星二村,4244
民星苑,4310
民星路350弄,4250
民星路408弄,3800
民星路418号,4000
民星路600弄,4800
民治路12弄,2800
民治路15弄,3550
民生四村,4625
民胜苑,4100
民苑小区,7833
民风小区,4300
气象局小区,5498
气象苑,7000
氯碱小区,2500
水上新村,2100
水仙小区,3400
水仙苑,6587
水仙雅苑,3300
水塘小区,3527
水岸家苑,2460
水岸秀苑,5338
水岸茗苑,10466
水岸蓝桥,12328
水岸豪庭,16000
水岸金桥苑,4033
水帘洞小区,2633
水悦坊,3500
水景书香园,7400
水景苑,18000
水景豪园,7125
水月坊,5967
水木年华花园,8333
水榭花堤,7150
水清一村,5120
水清三村,4360
水清二村,5050
水清年华花园,4431
水清木华,18500
水清苑,4600
水电小区,4067
水电新村,3775
水电路1013弄,4875
水电路108弄,4825
水电路1320弄,4900
水电路1381弄,4395
水电路386弄,4100
水电路62弄,6600
水语人家,2760
水都南岸,2975
水闸小区,1800
水霞小区,6324
水韵华庭,8226
永业公寓,21083
永业小区,4400
永久城市花园,6117
永兆豪庭,11000
永兴小区,3400
永兴小马路60号,6800
永兴路973弄,5500
永吉路97弄,4800
永和一村,7000
永和三村,4433
永和东村,4500
永和二村,4131
永和家园,4000
永和苑,6400
永和路448弄,7000
永和雅园,7075
永嘉第一小区,22500
永嘉路19弄,4500
永嘉路39弄,9500
永嘉路636弄,10000
永嘉路695弄,6500
永嘉路750号,48000
永太小区,9500
永宁路122弄,5000
永宁路136弄,4200
永安新村,4250
永年大厦,7315
永康城丹桂苑,1950
永康城永锦苑,1800
永康城玉兰苑,2167
永德小区,2625
永恒公寓,2245
永新城,23557
永新花苑,17429
永旭家苑,2400
永昌大厦,7000
永泰花苑,4645
永清新村,2700
永福第六小区,5800
永福路147弄,11500
永翔佳苑,4233
永达城市公寓,6048
永馨小区,5890
汇业公寓,5300
汇丰佳苑,3928
汇丰凯苑,2522
汇丰沁苑,3762
汇丰苑,7000
汇丰荷苑,3000
汇丽小区,5500
汇丽花园,9598
汇丽苑,4215
汇京佳丽园,9000
汇元坊,9000
汇华南园,4500
汇华花园,4500
汇城公寓,3425
汇宁花园,35000
汇宝公寓,5500
汇峰鼎园,17667
汇康公寓,5720
汇成一村,3740
汇成三村,3850
汇成二村,4056
汇成五村,3900
汇成四村,4554
汇成桂苑,11000
汇成武康公寓,35000
汇昆大楼,2500
汇智湖畔家园,9175
汇枫公寓,3333
汇枫景苑,5500
汇福家园健康里,3600
汇福家园兴盛里,3267
汇福家园吉祥里,3250
汇秀公寓,6100
汇秀景苑,2333
汇站街82号,8000
汇翠花园,13973
汇腾东苑,2650
汇腾南苑,3200
汇豪天下,18338
汇贤居,28317
汇贤阁,12875
汇贤雅居,9060
汇金公寓,15000
汇金广场,18571
汇锦城,2995
汇颂南苑,3300
汇龙公寓,3300
汇龙新城,15092
汉中小区,7788
汝南街小区,6150
江东路1380弄,3200
江东路1441弄,2600
江中公寓,2805
江临天下,19599
江升公寓,9000
江南一村,4425
江南二村,4850
江南名庐,8170
江南名邸,6000
江南山水,3708
江南文化园,12500
江南新村,4100
江南新苑,13500
江南星城,6877
江南欣苑,4600
江南清漪园,3462
江南苑,6443
江南造船大厦,9500
江宁大楼,11750
江宁路906弄,4850
江杨名苑,5500
江杨家园,5300
江桥一村,3950
江桥三村,4000
江桥三村九街坊,3600
江桥三村四街坊,5500
江桥二村,3781
江桥佳苑,4350
江浦路2009弄,5000
江浦路989弄,3700
江海二村,2017
江海新村,2400
江海花园,2171
江苏北路119号,4800
江苏路35弄,7500
江苏路499弄,4000
江苏路65弄,4800
江虹花园,4250
江诚苑,1330
江阴街355弄,4200
汤巷中心村,19000
汤巷馨村,4350
汤泉美地城,3500
汤臣一品,100000
汤臣商务中心,11800
汤臣怡园,45000
汤臣湖庭,64667
汤臣臻园,2350
汤臣豪园,19833
汤臣豪庭,17265
汤臣高尔夫,39590
汪家井小区,4220
汽联大厦,4200
汽轮小区,3500
汾西小区,4300
汾西路261弄,4075
汾西路400弄,3600
沁乐佳苑,3067
沁乐小区,2525
沁富佳苑,3083
沁春园一村,3800
沁春园三村,5860
沁春园二村,4412
沁春路1122弄,4750
沁秋小区,4533
沁风雅泾,36200
沂南路52号,4000
沈阳路148号,3600
沈默花苑,4520
沙家浜小区,3486
沙田公寓,2500
沙田大厦,9200
沙田花园,7000
沙申新村,4450
沧州大楼,9000
沧州路180弄,4833
沧海绿苑,2500
沧海苑,3850
沧源小区,2947
沪东大楼,5400
沪东新村,3712
沪东花苑,4000
沪中新苑,8917
沪亭苑,4245
沪光小区,7500
沪华公寓,8500
沪南船舶小区,3717
沪太家具大厦,6667
沪太路631弄,4000
沪太路651弄,3950
沪昌公寓,8400
沪江新苑,5400
沪航公寓,3200
沪西别墅,6500
沪贵苑,8073
沪金大楼,3625
河东小区,2650
河滨围城,6227
河滨国际公寓,6700
河滨城市花园,5244
河滨大楼,18875
河滨小区,3000
河滨豪园,23500
河畔家苑,4038
河畔明珠,16400
河畔雅苑,3350
河谷3号,7000
河间路1077弄,3600
河风丽景,9918
沽源小区,3400
沽源路第二小区,4200
沿河泾南路23弄,2500
沿海丽水馨庭,5200
泉东,5888
泉东小区,5022
泉口路128弄,5200
法兰西世家,5638
法华苑,7000
法华镇路101弄,4800
法华镇路150弄,6500
法华镇路315弄,5895
法华镇路500弄,5500
法华镇路720弄,4607
法华镇路878弄,4500
法华门大厦,13500
泗东新村,2850
泗塘一村,3000
泗塘七村,3540
泗塘三村,3200
泗塘二村,3100
泗塘五村,3750
泗塘八村,4500
泗塘六村,3000
泗塘四村,3380
泗泾颐景园,10870
泛海国际公寓,45000
泥城苑,2233
泥城路12弄,2150
泰东公寓,4200
泰东新村,6900
泰兴路602号,5500
泰兴路624弄,6800
泰南花苑,2550
泰和新城,2917
泰和路309弄,3000
泰安公寓,2260
泰安路27弄,7933
泰宝华庭,10000
泰宸家园,2050
泰宸新苑,7575
泰宸景苑,6433
泰宸舒庭,4750
泰宸苑,6000
泰宸雅苑,3775
泰山一村,4575
泰山三村,4400
泰山二村,4480
泰府名邸,19883
泰康路21号,9000
泰德花苑,10422
泰德苑,14660
泰晤士小镇,12229
泰欣嘉园,16779
泰燕华庭,2933
泰禾红御,7000
泰禾红桥,3592
泰翔嘉苑,4500
泰苑公寓,5100
泰荣苑,16800
泰莱大厦,7000
泰辰沙河茗苑,5620
泷湾苑,7443
泾东小区,4611
泾华新村,4500
泾南教师公寓,7720
泾港公寓,4100
泾西一村,3190
洋泾花园城,7650
洛川东路310号,4500
洛川东路352弄,4000
洛川东路400弄,4300
洛川中路1100弄,4480
洛川中路901弄,6900
洛阳新村,4333
洪南路214弄,1300
洪山花苑,8000
流晶逸彩,12167
浅水湾恺悦名城,17257
浅水湾花园,25000
济南路8号,32333
济阳一村,4373
济阳三村,4098
济阳二村,5050
浙江中路185号,6500
浣纱三村,4700
浣纱五村,6075
浣纱六村,4833
浣纱四村,5250
浦三小区,3500
浦三路630弄,3500
浦三路732弄,3600
浦东世纪花园,25468
浦东南路1380弄,3500
浦东南路2054弄,4675
浦东南路3649弄,3800
浦东南路4800弄,5450
浦东大道140弄,5150
浦东大道1613号,3000
浦东大道2511弄,3800
浦东大道666号,7500
浦东星河湾,52875
浦东颐景园,4100
浦仓路768弄,2500
浦兴苑,5600
浦南园,2850
浦发博园,12683
浦发御园,8600
浦发春晖新苑,7150
浦发绿城,4940
浦发香舍,7567
浦坊大楼,6500
浦城小区,5320
浦城苑,2000
浦建小区,4820
浦汇新村,3000
浦江世博家园七街坊,4567
浦江世博家园二街坊,4900
浦江世博家园八街坊,3900
浦江世博家园十三街坊,6000
浦江世博家园十五街坊,4300
浦江世博家园十四街坊,5000
浦江世博家园十街坊,3500
浦江东旭公寓,4168
浦江丽都,2650
浦江公馆,31114
浦江名邸,17440
浦江坤庭—璞御,8233
浦江坤庭—翠御,9162
浦江大厦,9000
浦江大楼,2500
浦江宝邸,3114
浦江映象,14220
浦江智汇园,4733
浦江海景,16000
浦江瑞和城,2250
浦江花园,2683
浦江花苑,4500
浦江茗园,15609
浦江颐城,8337
浦江风景苑,9000
浦江馨都,2200
浦沁苑,6000
浦润苑,2667
浦煤新村,3150
浦罡小区,5300
浦联佳苑,8000
浦航新城中城苑,2300
浦虹苑,7200
浩城华苑,5602
浩泽家园,2671
浪琴水岸花园(公寓）,4220
海三小区,4800
海上华庭,25000
海上名邸,25000
海上名门公寓,18000
海上国际花园,8570
海上新村,4480
海上梦苑,13000
海上海新城,14400
海上湾华庭紫园,4750
海上硕和城,8750
海上纳缇,2700
海上财智商务中心,16000
海上郡,2675
海东公寓,5988
海东小区,2500
海丽花园,8970
海伦都市佳苑,8600
海佳大厦,25500
海信花苑,15000
海关二村,7263
海关大楼,4500
海华小区,5200
海华花园,13160
海南西弄61号,5000
海南西弄64号,4500
海厦小区,5500
海叶新苑,8250
海天公寓,7250
海天花园,17300
海宏大厦,5750
海富公寓,8875
海富花园,14000
海尚东苑,1860
海尚乐苑,2820
海尚名都,3467
海尚墅林苑,2270
海尚康庭,3560
海尚新纪园,5800
海尚明城,4433
海尚明月苑,1667
海尚逸苑,5400
海尚馨苑,2500
海岸景苑,1600
海州路105弄,3800
海州路71弄,4100
海德公寓,4700
海德名园,6862
海德花园,15967
海德苑,9350
海怡别墅,100000
海怡花园,15750
海悦花园,14100
海斯大厦,16000
海昌苑,13000
海晖公寓,6790
海普苑,7033
海杨公寓,5772
海枫大楼,7300
海桐小区,6065
海桐苑,9000
海棠新村,1600
海棠苑,4900
海欣别墅,10000
海汇清波苑,1667
海江二村,2980
海江公寓,8250
海波花苑,5300
海洪小区,5000
海洲国际华园,11667
海洲桃花园,2950
海派青城,2836
海湾国际名苑,2683
海湾新城,5000
海湾新苑,4000
海滨七村,2100
海滨三村,2750
海滨二村,3050
海滨五村,3250
海滨八村,3667
海滨六村,2800
海滨四村,2800
海滨新村,2850
海潮公寓,7000
海炼大楼,5267
海燕路188弄,2100
海珀日晖,55000
海珀旭晖,32000
海珀星晖,16750
海琪园,17399
海申花园,10000
海畔家园,1200
海盈新村,2600
海立华亭,6712
海联公寓,8200
海联大厦,5850
海联花苑,9540
海芦镜湖苑,2500
海苑大厦,4414
海虹小区,5800
海虹欣苑,7500
海虹苑,7500
海螺花园,12257
海赋尚品,5167
海趣馨苑,3200
海运大厦,7300
海运新村,6150
海通新村,4133
海逸公寓,9772
海鑫公寓,7667
海防新村,3960
海防村,5600
海防路199号,4300
海阳一村,5350
海阳小区,5500
海阳新村,6500
海阳路1064号,6500
海院小区,4359
海院新村,3680
海霞新苑,2700
海韵茗庭,3877
海韵馨苑,2500
海馨苑,2500
海高一村,3350
海高二村,3400
海鸿公寓,7667
海鹏公寓,6200
海鹏花苑,6800
润和欣苑,4100
润和苑,3222
润地华庭,12333
润峰苑,3967
润康邨,6000
润江花苑,4083
润渡佳苑,3500
涵乐园,6343
涵合园,11275
涵碧景苑,10933
淀湖山庄,3000
淀湖新村,4575
淞南一村,3600
淞南七村,3800
淞南三村,4150
淞南九村,5500
淞南二村,3400
淞南五村,4000
淞南八村,4900
淞南六村,2800
淞南十村,3825
淞南四村,2900
淞南新村,3800
淞园大厦,10767
淞浦花园,4000
淞浦苑,2800
淞滨路765弄,4300
淞滨路77弄,2650
淞虹公寓,7160
淞虹苑,4430
淡水公寓,12130
淡水湾花园,19917
淡水路442弄,5850
淮海中路1200弄,12000
淮海中路1710弄,8300
淮海大厦,17500
淮海晶华苑,31590
淮海鑫城苑,14250
清宁小区,5338
清水蓝湾,6800
清水颐园,4721
清池苑,5900
清河湾佳苑,2800
清河路153弄,2200
清河路202弄,3300
清河路34弄,2800
清河路393号,2000
清河路453弄,2500
清泉警苑,7200
清涧七街坊,3550
清涧三街坊,4800
清涧二街坊,4100
清涧八街坊,4140
清涧六街坊,4367
清涧四街坊,4100
清溪苑,5200
清风丽苑,1850
清风佳苑,1400
清风名苑,1500
清风花苑,1850
清风雅苑,1467
清馨苑,3700
温宿路42弄,2400
温莎豪园,66500
渭南路145弄,4800
港城新苑,4275
港机新村,4375
港驳小区,5299
湖南路298弄,9000
湖南路311弄,7000
湖南路4弄,7500
湖畔佳苑,29560
湖畔天下,7317
湘府花园,8987
源城锦翠苑,7600
源城锦苑,8250
源梦苑,5300
溧阳华府,12500
满庭芳花园,10500
滨江兰庭,17750
滨江凯旋门,63846
滨江名人苑,13663
滨江国际,17000
滨江大楼,7117
滨江小区,5140
滨江晶典,12000
滨江茗园,10672
滨江雅苑,8000
滨浦新苑一村,4500
滨浦新苑三村,4500
滨浦新苑二村,3750
滨浦新苑五村,2480
滨浦新苑八村,5500
滨浦新苑四村,4100
滨湖郡,7000
滴水湖馨苑,2914
漓江山水花园,19250
漕河景苑,9300
漕泾一村,5095
漕溪一村,5500
漕溪三村,6350
漕溪二村,5933
漕溪四村,5033
漕溪大楼,6866
漪园新村,5233
潍坊一村,4358
潍坊七村,5023
潍坊三村,4655
潍坊九村,4886
潍坊二村,4604
潍坊五村,5243
潍坊八村,4544
潍坊六村,4571
潍坊十村,4994
潍坊四村,4054
潍坊路120号,3800
潍坊路280号,5960
潮洞坝22号,3300
潼港一村,4100
潼港三村,3540
潼港二村,3550
潼港五村,3350
潼港八村,3140
潼港六村,3567
潼港西八村,3200
澜茵华庭,3500
澳丽映象,4100
澳丽花园,11650
澳洲国际花园,2433
澳门家园,2790
澳门小区,5543
澳龙公寓,12000
瀚林世家,13900
瀚盛家园,4286
瀚龙苑,4767
瀛通金鳌山公寓,2600
灵广大厦,10000
灵广花园,7100
灵新小区,4622
灵石路896弄,4200
灵艺大厦,6700
灵芝公寓,4000
炎虹路76弄,5700
煜王苑,13000
煤科公寓,5300
燕宁苑,4408
爱中爱华公寓,7617
爱乐大厦,12000
爱俪轩,14600
爱博一村,6267
爱博七村,5867
爱博三村,6667
爱博二村,5733
爱博五村,4550
爱博六村,4500
爱和大厦,6795
爱家亚洲花园,7669
爱家豪庭,11500
爱庐世纪新苑,4318
爱建园,12875
爱建大楼,5600
爱建小区,6200
爱德佳苑,3867
爱文坊,6750
爱法奥朗新庄园,9444
爱法新城,2260
爱法新都,7000
爱法珑庭,11812
爱法花园,5000
爱盛家园,5000
爱迪苑,5933
爱邦大厦,9600
爱都公寓,16700
爱里舍花园,5775
爵士大厦,14357
牌楼路41弄,4500
牡丹公寓,6400
牡丹园,55000
牡丹小区,6933
牡丹新苑,2260
牡丹江路182弄,2533
牡丹苑,8250
牡丹路186弄,6646
牡丹路399弄,7220
牡丹逸庭,3067
牯岭路167号,8000
狮城花苑,5500
玉乐小区,2933
玉佛城,8929
玉兰一村,2800
玉兰三村,3000
玉兰二村,2775
玉兰公寓,2100
玉兰四村,2866
玉兰小区,4920
玉兰新村,3200
玉兰花苑,8509
玉兰苑,5700
玉兰路46弄,5665
玉兰路71弄,5800
玉兰路81弄,5800
玉兰路99弄,6350
玉兰香苑,5628
玉华苑,5730
玉四小区,3600
玉宇新苑,7500
玉屏南路203号,3800
玉屏南路45号,4500
玉屏南路547号,6590
玉屏南路725号,4400
玉屏小区,4300
玉峰花园,7200
玉树公寓,3500
玉树南苑,3822
玉泉街51号,3500
玉田新村,4500
玉田路201弄,7888
玉龙大厦,8200
玉龙苑,3300
王子公寓,15000
王子晶品,49000
王家堂小区,5806
王家宅小区,4160
王家沙花苑,9800
王金更小区,5000
玫瑰园,42333
玫瑰湾,14000
玫瑰苑,5550
环城东路188弄,3800
环庆新苑,3250
环球广场,10820
环球翡翠湾花园,6222
环绿国际,3917
环镇北路211弄,4200
环镇北路400弄,4133
环镇北路500弄,3600
环镇北路509弄,4500
环镇北路600弄,5267
环镇南路91号,5300
环镇西路39弄,5467
环镇西路41弄,6000
环龙公寓,11000
环龙新纪园,11000
现代星洲城,8600
现代缘墅,17500
现代苑,3567
玲珑悦庭,3500
珊瑚苑,7000
珍宝公寓,12000
珠江新城,6060
珠江玫瑰花园,8683
珠江香樟南园,8000
珠江香樟园,3195
珠溪新苑,3000
瑞丰园,5000
瑞丽公寓,12000
瑞丽名邸,4200
瑞丽新村,3150
瑞丽路35弄,3150
瑞冬小区,4962
瑞南新苑,12600
瑞和华苑,1500
瑞和新苑,2786
瑞和苑,2792
瑞嘉公寓,12625
瑞嘉苑,12500
瑞康苑,5500
瑞生花园,48571
瑞福北大楼,6800
瑞福南大楼,9750
瑞苑公寓,26375
瑞虹新城,10169
瑞虹新城二期(优贤生活),11257
瑞虹新城怡庭,26500
瑞虹新城璟庭,20318
瑞虹新城铭庭,12600
瑞达新苑,12000
瑞达苑,7710
瑞金一路173号,4300
瑞金二路225弄,7000
瑞金二路410弄,5880
瑞金二路48弄,7500
瑞金南苑,13214
瑞金南路63弄,9000
瑞金尊邸,6630
瑞金新苑,18000
瑞金花园,12500
瑞阳苑,3330
瑞雪大楼,7121
璇宇花园,11750
璞真园,6900
璟储新和湾,4200
璟都新园,7280
甘泉一村,3810
甘泉三村,3550
甘泉二村,4550
甘泉苑,4289
甘泉路5弄,3300
甘溪路207号,4200
甜爱路32号,6500
生安花苑,11450
生茂养园,6000
甬申金地城,3150
田图苑,6150
田林一村,7900
田林七村,5417
田林三村,4000
田林九村,5800
田林体育公寓,7400
田林八村,4000
田林六村,4698
田林十一村,5000
田林十二村,4705
田林十四村,4978
田林新苑,6088
田渡小区,6200
由中苑,8000
由由一村,4315
由由七村,4732
由由三村,6296
由由二村,4733
由由五村,3000
由由六村,6000
由由四村,4615
由由新佳苑,6500
由由新邸,2090
申乐大厦,13800
申亚新华府,17000
申亚瑞庭,20000
申亚花满庭,3000
申升公寓,9600
申华公寓,4000
申华小区,3000
申和苑,4500
申地公寓,5345
申地苑,8767
申城佳苑,4600
申安公寓,12000
申峰大厦,8100
申强公寓,8000
申桂公寓,10750
申汉小区,6833
申江新苑,14433
申江花苑,3350
申江豪城,8510
申泉小区,3800
申泉花苑,5300
申润江涛苑,11000
申源苑,7000
申田大楼,9500
申立苑,7800
申舟明阳苑,6450
申航小区,5378
申良花园,3912
申莘一村,4800
申莘三村,4150
申达新村,3000
申通公寓,6400
申金大厦,12400
申银发展大厦,11487
申雅苑,4250
申龙大楼,6000
电力公寓,8500
电厂小区,1900
电大小区,4200
电影华苑,10363
电机一二村,2450
电机五村,2600
画家村,4700
畅园,20600
畅馨园,4420
界泾港新村,2600
界龙商务大楼,5500
界龙新世纪公寓,7050
界龙花苑,3567
界龙阳光苑,4795
留水园,3000
留水园别墅,3350
番南小区,5253
番禺大厦,5610
番禺小区,5800
番禺路160弄,5500
番禺路211号,5000
番禺路222弄,4675
番禺路222弄11支弄,5200
番禺路385弄,5000
番禺路511弄,5560
番禺路650弄,5300
登云公寓,35000
白兰园,6500
白大楼,6500
白杨小区,4683
白洋淀新村,4667
白洋淀绿苑,4890
白洋苑,4275
白浪新村,4933
白玉兰家园,8390
白玉兰馨园,5100
白玉大楼,5350
白玉新村,4892
白玉苑,4072
白金府邸,25400
白金湾广场,31357
白金瀚宫,47467
白银时代,3000
白雪公主,5740
白鹤小区,3700
百乐小区,10000
百乐门小区,12000
百佳花园,11000
百兴花园,6420
百合苑,6467
百安小区,5500
百富丽山庄,55000
百富苑,5000
百富达公寓,3787
百旺小区,6200
百晨小区,3500
百曲和苑,2500
百汇园,23429
百汇大厦,9267
百溪公寓,4720
百舸馨苑,5500
百色路133弄小区,5000
百花公寓,8670
百花新村,3500
百花村,5500
百龙小区,4230
皇宫半岛,6250
皇家花园,25000
皇府别墅,18000
皇朝别墅,18875
皇朝新城,13700
皇都花园,15167
皇骐爱丽苑,12800
盈中新村,2225
盈中西路132弄,2500
盈中西路135弄,2500
盈标花园,28000
盈浦新村,2600
盈港商住新村,2800
盈港花园,48000
盈港苑,3300
盈湖三岛,8500
益丰新村,3515
益元大楼,6305
益华小区,6500
益同公寓,11000
益康大厦,6000
益文路79弄,3800
益民公寓,10650
益民小区,3050
益民路45号,3100
益达公寓,6000
盐湖新居,4333
盘古嘉德,3058
盘古天地,3497
盘古路250号,3000
盛世东苑,3700
盛世天地,19200
盛世宝邸,6683
盛世家园,4270
盛世年华,14064
盛世联弈苑,3500
盛世豪园,12500
盛世馨园,2145
盛华景苑,4433
盛和玲珑苑,8000
盛大花园,11667
盛大金磐,33452
盛宅新村,3500
盛安家园,3800
盛桥三村,2500
盛源公寓,6733
盛源大厦,11667
盛源家豪城,8875
盛达家园,4411
盛逸公寓,11750
眉州路110弄,5200
眉州路432弄,6500
眉州路515弄,4060
真光七街坊,3800
真光九街坊,3750
真光八街坊,3500
真光十小区,3500
真光新村第二小区,4062
真光新村第五小区,4300
真光新秀,4800
真光第四小区,4433
真北一街坊,3200
真北二街坊,4167
真北新村三街坊,4520
真北路1817弄,5700
真华路157弄,7500
真南小区,3850
真南路822弄510支弄,10000
真南路822弄521支弄,5500
真南路895弄,4000
真如南大街4号,2600
真如西村,4033
真建七街坊,3750
真情公寓,5500
真源小区,5560
真西新村第二小区,4550
真西新苑,7500
瞿中小区,5800
瞿二小区,5567
瞿四小区,4822
瞿溪新村,4400
瞿溪路1032弄,6500
瞿溪路117号,5100
瞿溪路1240弄,4200
瞿溪路126号,5500
瞿溪路131号,3500
瞿溪路904弄,4800
瞿溪路937弄,5090
瞿西新村,5000
知雅园,7983
知雅汇,6418
知音小区,6220
石一小区,4550
石光小区,7000
石家街151弄,3000
石岚三村,4276
石岚二村,4500
石油大楼,5000
石油大院,6000
石泉一村,3667
石泉六村,5015
石泉大厦,8500
石泉小区,3400
石泉路140弄,8000
石笋一村,2300
石龙小区,20000
碧云东方公寓,15200
碧云公寓,9200
碧云公馆,8500
碧云左岸,21475
碧云新天地,10726
碧云花园,39333
碧夏小区,7000
碧春园,4100
碧林湾,11500
碧林湾南苑,4500
碧林湾新苑,6500
碧海云居,4000
碧玉公寓,11200
碧瑶行政公寓,19000
磊滨路93弄,3500
祁北东路85弄,2000
祁南一村,1800
祁南二村,2533
祁连一村,3260
祁连三村,3889
祁连二村,3981
祁连四村,4450
祁连欣苑,4575
祜欣公寓,2603
祝和苑,2750
祝城路77弄,3000
祝安苑,2500
祥东小区,5500
祥和公寓,5932
祥和名邸,11544
祥和家园,5563
祥和尊邸,7000
祥和星宇花园,4887
祥和花园,2300
祥和花苑,2219
祥安公寓,7533
祥峰家园,2800
祥平公寓,4500
祥康里,9500
祥德路450弄,3500
祥德路480弄,6500
祥泰苑,4950
祥源福邸,4667
祥生御江湾,11000
祥美苑,2800
祥龙小区,2800
禄德嘉苑,5500
福华花苑,10000
福安大厦,12000
福安小区,6900
福山小区,4155
福州路107号,15000
福建中路195弄,6800
福汇一村,2100
福泉苑,5100
福泉路450弄,4100
福泰公寓,8600
福海公寓,32333
福海小区,5000
福源汇居,16150
福竹小区,6194
福苑大厦,17000
福苑小区,8000
福莱锦苑,1700
福赐新苑,7000
福赐花苑,5000
福鑫大楼,11333
禹洲老城里,2290
秀枫翠谷,5200
秀水楼,3000
秀水苑,9033
秀涓路46弄,1600
秀苑小区,5348
秀野苑,3800
秋月朗庭,2500
秋月枫舍,6139
秋水云庐,11900
科乐苑,11860
科兰公寓,4500
科嘉小区,5750
科宁公寓,3787
科汇公寓,8629
科汇景苑,11650
科苑新村,4000
秦家弄小区,3400
程桥一村,4350
程桥二村,5500
立地东方苑,3050
立新新村,2000
立诚苑,4745
立雪苑小区,5200
章家巷小区,4117
章浜新村,3350
童家浜小区,4333
竹南小区,6046
竹园公寓,2700
竹园小区,3067
竹园新村,6080
竹园高层,7658
笠园凯旋坊,18550
第九城市,13538
第五大道,12108
管弄一二街坊,5660
管弄三街坊,5460
管弄五六街坊,4327
管弄四街坊,3933
米兰诺贵都,4837
粤亮湾景苑,3900
粤秀名邸,6500
粤秀苑,4112
精文城上城,9282
精文苑,4500
精益公寓,4500
紫丁香花园,3750
紫东新苑,5400
紫云苑,16000
紫光大厦,15100
紫兰苑,11660
紫勋雍邸,30500
紫勋风雅苑,10600
紫华佳苑,7000
紫华大楼,9500
紫华欣苑,8500
紫叶花园,4150
紫堤坊,4800
紫堤苑,6650
紫晶南园,3567
紫晶苑,4575
紫欣公寓,7171
紫汇苑,10500
紫竹半岛花园,5892
紫竹华庭,10000
紫竹小区,5079
紫竹轩,6150
紫翠苑,4440
紫翠高清苑,5800
紫腾苑,7000
紫苑小区,1500
紫荆三村,2049
紫荆二村,3375
紫荆四村,2706
紫荆新苑,8893
紫菁庭,2000
紫菊新苑,2300
紫薇二村,4750
紫薇和苑,10000
紫薇园,5860
紫薇新村,3600
紫薇茗庭,2720
紫薇阁,2860
紫藤居,6000
紫藤新园,4800
紫藤苑,16000
紫虹大厦,18000
紫谷公寓,14500
紫逸佳苑,6300
紫都上海晶园,27500
紫金兰花苑,4500
紫金花园,5775
紫阳花苑,4363
繁盛苑,4500
繁荣华庭,3234
繁荣安居,3500
繁荣昌盛,8355
红光花苑,2820
红叶别墅,7500
红墅1858,5020
红宾院小区,3000
红庄小区,7500
红庐雅颂别墅,35000
红旗三村,2520
红旗五村,2486
红旗四街坊,2852
红旗小区,2582
红旗教师公寓,7900
红旗花苑,3000
红明一村,4315
红明二村,4550
红春一公寓,5900
红柿苑,5650
红梅小区,5033
红湖小区,2400
红翔新村,3933
红莲小区,5569
纪念一小区,5800
纪念小区,4375
纪念路494弄,6000
纪翟路20号,3500
纪高路295弄,12000
纯翠苑,4815
纺大小区,6950
纺平大楼小区,3812
纺鑫苑,10000
练祁佳城梧桐坊,2550
练祁佳城盛蔷坊,2000
绍兴路35号,19750
绍兴路76弄,68000
经典花园,10100
经典茂名公寓,42000
经纬公寓,26367
经纬城市绿洲,3825
经纬学士逸居家园,4500
经纬学府涵青花园,5744
经纬弘汇地标家园,6500
经纬观澜弘郡家园,4450
经纬阳光水岸家园,5854
统北村,5600
维多利亚,23500
维多利华庭,10625
维多利广场,3760
维罗纳贵都,4408
维诗凯亚,58692
绿中海明苑,8196
绿中海雅庭,4300
绿久苑,3900
绿厦小区,5500
绿叶小区,4500
绿园一村,5533
绿园五村,4500
绿园十一村,4900
绿园十村,5483
绿园四村,6150
绿园小区,4320
绿地MTOWN,5365
绿地上河院,17667
绿地世纪城,10350
绿地东上海,5188
绿地东岸涟城,3100
绿地公元1860,5200
绿地公寓,6200
绿地凯旋宫,4400
绿地南桥新苑,3071
绿地名人坊,13600
绿地国际山庄,15125
绿地威廉公寓,6003
绿地康桥新苑,4323
绿地御桥苑,4733
绿地新丰苑,2795
绿地新干线,3780
绿地新江桥城,4360
绿地新里派克公馆,3509
绿地无双,4343
绿地时代名邸,2000
绿地时代嘉苑,2275
绿地春申花园,5472
绿地景汇佳苑,5531
绿地望海新都,2667
绿地朱家角1号,3250
绿地梧桐院,10000
绿地泾南公寓,5870
绿地海域笙晖,6563
绿地海域苏河源,3188
绿地海怡公寓,9440
绿地海珀佘山,3845
绿地海珀璞晖,14750
绿地海珀风华,13200
绿地清猗园,5473
绿地璀璨天城,4100
绿地秋霞坊,4738
绿地芳满庭,2000
绿地蔷薇九里,6045
绿地观邸,4000
绿地诺丁山,4086
绿地青青家园,2200
绿地颐景嘉园,4575
绿地香缇,3993
绿地香颂,3948
绿城上海御园,16000
绿城兰园,11750
绿城玉兰公馆,20300
绿城玉兰花园,19500
绿城玫瑰园,60500
绿城黄浦湾,51143
绿宝园,46091
绿宝园馥庭,28800
绿寓,7500
绿川家园,6500
绿川小区,4550
绿川新苑,4769
绿川馨康苑,5500
绿庭尚城,5862
绿庭悦公馆,8433
绿康公寓,8800
绿景家苑,7000
绿杨村,5950
绿梅一村,3175
绿梅二村,4500
绿梅别墅,19000
绿水家园,6778
绿波城,4192
绿波景园,4100
绿波花园别墅,23000
绿波苑,4800
绿洲丰怡园,2990
绿洲仕格维花园,21500
绿洲公寓,4700
绿洲千岛别墅,22750
绿洲华庭苑,5883
绿洲古猗新苑,4060
绿洲城市花园,13633
绿洲小区,4300
绿洲康城亲水湾,6495
绿洲比华利花园,18500
绿洲江南园,30000
绿洲湖畔花园,11500
绿洲花园,5122
绿洲长岛花园,7750
绿洲雅宾利花园,18120
绿洲香岛花园,8133
绿洲香格丽花园,3540
绿海家园,4170
绿缘公寓,12000
绿缘小区,8500
绿色丽园,6120
绿色家园泰馨苑,4500
绿苑,4200
绿苑公寓,8750
绿苑别墅,16000
绿苑新城,3150
绿茵苑,5500
绿邑新苑,7500
绿邑翠苑,7000
绿雅苑,5000
缘圆宝邸,5100
罗南一村,3800
罗南三村,2650
罗南二村,2867
罗城小区,4833
罗山一村,4843
罗山七村,4415
罗山三村,5445
罗山五村,4600
罗山八村,6750
罗山六村,4545
罗山四村,3970
罗山怡景苑,8000
罗山绿洲,29733
罗山花苑,6732
罗星新村,1300
罗智路258弄,2100
罗溪花苑,2767
罗秀三村,3750
罗秀二村,3617
罗秀新村,4250
罗秀新苑,4875
罗秀苑,5700
罗秀路1001弄,6000
罗锦新苑,5150
罗锦苑,4050
罗阳一村,5729
罗阳七村,4624
罗阳三村,4800
罗阳二村,4980
罗阳五村,5688
罗阳四村,3729
罗马花园,19000
美丽华花园,16500
美丽园公寓,24500
美丽家园,4614
美丽星城,4089
美兰湖中华园,4325
美兰湖岭域,3739
美兰湖花园,12833
美兰湖颐景园,4870
美兰金邸,12375
美好家小区,5200
美安路628弄,1650
美岸栖庭,7291
美林别墅,44333
美林小城,4430
美树铭家,8000
美罗家园吉翔苑,1500
美罗家园宝欣苑一村,2600
美罗家园宝欣苑二村,2000
美罗家园宝欣苑八村,2000
美罗家园罗智苑,3300
美罗家园罗翔苑,2500
美罗家园美平苑,2200
美罗家园金丰苑,2170
美联大厦,18000
美芦苑,3000
美诗邸,5420
美轮新村,2000
美邻苑,5920
羽北小区,4363
羽山路1000弄,3830
翔前小区,3840
翔华新村,3500
翔和雅苑,3480
翔封公寓,4250
翔川家园,5065
翔殷三村,5267
翔殷四村,5500
翔殷大楼,6800
翔殷心秀,6300
翔殷路491弄,4486
翔殷路505弄,7500
翔殷路873弄,9700
翔殷路932弄,15250
翔泰苑,4000
翔顺公寓,4500
翠庭,16800
翠春小区,5200
翠景苑,8875
翠湖天地嘉苑,43385
翠湖天地御苑,44080
翠湖天地隽荟,72500
翠湖天地雅苑,32790
翠珠大厦,4600
翠竹苑,5450
翠鑫苑,2550
翡丽云邸,22000
翡翠别墅,16000
翡翠名都,29112
翡翠国际花苑,4500
翡翠湾公寓,2580
翰城国际,6698
翰锦苑,6780
耀华大楼,6500
耀华路210号,5300
耀华路40号,3800
耀华路46号,4200
耀江国际广场,18000
耀江花园,15266
耀浦苑,10750
老沪太路270号,4500
老沪闵路1295弄,8800
老沪闵路709弄,3200
老红庄,10000
老西门新苑,18284
联业大厦,18000
联业大楼,6600
联丰一期,4200
联丰新苑,4225
联丰苑,4750
联升大厦,3963
联城花苑,6800
联富假日公寓,9000
联建新村,4800
联洋年华,12117
联洋花园,14621
联美品悦,3550
联谊新寓,2500
联鑫坊,3158
联鑫虹桥苑,16500
聚丰景都,5245
聚丰福邸,4600
聚缘中庭,2700
聚缘北庭,2800
聚缘南庭,3075
聚航苑,2700
聚贤煌都,6667
聚龙家园,4367
聚龙新苑,10000
肇周路417号,8000
肇嘉浜路853弄,6750
肖塘新村,2000
育兰二村,3500
育秀一区,2475
育秀七区,2300
育秀三区,2067
育秀九区,2167
育秀二区,2400
育秀五区,2500
育秀八区,2000
育秀六区,2600
育秀十一区,2450
育秀四区,2250
胜利路204弄,2800
胜悦嘉苑,2900
胡姬花园,11053
胶州大楼,11500
胶州教师公寓,11000
胶州路170弄,7000
胶州路274弄,5000
胶州路319弄,8200
自然居家园,3775
臻品嘉园,6750
臻园,18214
臻果国际,7400
臻水岸苑,10556
舒乐公寓,4825
舒乐小区,3300
舒兰公寓,6500
舒兴小区,5167
舒城苑,6000
舒馨北苑,4575
舜峰家苑,3157
舜川公寓,3833
舟山路450弄,6300
航东路750弄,4760
航兴北路95弄,4500
航华一村,4582
航华三村一街坊,4900
航华三村三街坊,4333
航华三村四街坊,5660
航华二村,4300
航华四村,4254
航天新苑,7360
航建大楼,5500
航新路260弄,5100
航星二村,2600
航星新村,2500
航鹰小区,3500
船舶新村,4133
良丰新村,2100
良友公寓,13000
良友新村,3250
良友高层,8250
良清公寓,8267
艺康苑,6375
艺泰一品花园,3750
艺泰安邦,2826
艾东小区,4940
艾南小区,3800
艾山新村,5400
艾格美国际公寓,23900
芙二小区,4517
芙蓉二街坊,4400
芙蓉小区,5867
芙蓉新村,2495
芙蓉花苑,5040
芙蓉金厢园,4000
芝大厦,24200
芝巷公寓,7600
芝巷小区,5433
花园公寓,6500
花园坊,25030
花园城,11167
花园大厦,15000
花园浜小区,3550
花园路76弄,16000
花山锦地苑,4000
花木新村,4800
花木绿城锦绣兰庭,23333
花木苑,8276
花木鑫丰苑,6498
花桥裕花园,1500
花源湾,5250
花溪园,7000
花苑村丁香园,4875
花苑村桂花园,4967
花苑村梅花园,4250
花苑村玉兰园,5020
花苑村紫竹园,4471
花苑茶花园,4450
花语墅别墅,15000
芳佳苑,9000
芳华苑,4650
芳华路229弄,4800
芳华路253弄,6500
芳华路268弄,4900
芳华路411弄,5250
芳华路53号,7200
芳华路580弄,4733
芳华路713弄,5000
芳华路9弄,3500
芳沁苑,2590
芳秀公寓,8350
芳芯路251弄,7500
芳芯路363弄,3400
芳苑小区,5000
芳草路253弄,8250
芳草路352弄,6367
芳雅苑,4500
芷江西路123弄,5500
芷江西路150号,7000
芷江西路270弄,3800
芷江西路453弄,4400
苏堤春晓名苑,14255
苏宁荣悦,1800
苏河融景,31000
英伦风尚,7500
英国会,15000
英庭名墅,17000
英达苑,3290
英郡别院,6650
英郡雷丁小城,7783
英雄新村,2150
苹果园,28000
茂兴大厦,6780
茂兴路55弄,6500
茂名公寓,11267
茂名南路124号,11000
茂名坊,15000
茂名大厦,37000
茂名大楼,9100
茂盛城市花园,5729
茂盛大厦,15000
茂盛花苑,4783
茂龄别墅,7800
范东铁路小区,6067
范北小区,5200
茅台新苑,6060
茅台花苑,6467
茅台雅苑,7300
茉莉雅苑,3100
茗苑,6500
茶陵小区,5500
茶陵路195弄,5000
茶陵路345弄,5350
茸南苑,2800
荡湾新村,1743
荣业里,50000
荣丰花园,6560
荣乐一村,3500
荣乐三村,2500
荣乐东路83弄,46000
荣乐中路115弄,3600
荣乐二村,3100
荣乐五村,4500
荣乐四村,2750
荣乐水岸,4467
荣信虹桥世嘉,9368
荣华苑,3500
荣华西道19弄,13667
荣华西道99弄,14500
荣和怡景园,4870
荣和苑,5500
荣城花苑,7521
荣域飘鹰锦和花园,4350
荣成大厦,9050
荣成小区,4402
荣成路17弄,3700
荣承公寓,10500
荣景苑,4500
荣欣苑,5000
荣盛名邸,5108
荣胜公寓,8000
荣轩,11000
荣都公寓,3800
荣顺苑,4842
荷一小区,4533
荷三小区,4283
荷五小区,4975
荷景苑,3800
荷风华庭,1706
荷风景庭,2300
荷风翠庭,1580
荻泾苑,3548
莎海公寓,5800
莎海惠晨苑,5160
莘南新村,4750
莘南花苑一村,4450
莘南花苑二村,4650
莘南路118号,5500
莘南路120号,4500
莘城公寓,5649
莘城苑,4336
莘庄镇西街317弄,3100
莘松一村,3633
莘松三村,3544
莘松九村,3900
莘松五村,3514
莘松八村,3800
莘松六村,3600
莘松四村,3705
莘梓苑,8900
莘沥路188弄,5200
莘沥路18弄,4600
莘浜路157弄,3600
莘浜路217弄,4100
莘浜路276号,3800
莘浜路351弄,3600
莘西南路99弄,15000
莘西路138弄,5000
莘远大厦,10500
莫奈的花园,7000
莱兴公寓,8500
莱英北郡,5100
莱茵半岛,8333
莱茵美墅,6000
莱茵郡,18000
莱诗邸,17533
莱金佳园,7550
莱阳北小区,3967
莱阳新家园,5367
莱顿小城,5034
莲业新村,4200
莲中路169弄,5500
莲中路250弄,4300
莲中路356弄,3600
莲园路378号,2290
莲安东路79弄,4020
莲安东路80弄,4500
莲安西路35弄,4900
莲安西路95号,4800
莲宏苑,7033
莲康苑,4150
莲文苑,7000
莲杨苑,6980
莲泰苑,6000
莲浦府邸,8700
莲浦新苑,8000
莲浦花苑,5042
莲溪三村,4500
莲溪二村,4000
莲溪八村,4500
莲溪六村,4611
莲溪大楼,5000
莲溪路430弄,4500
莲珠大厦,6000
莲花公寓,4475
莲花新村,3982
莲花河畔景苑,8433
莲花苑,4500
莲鼎苑,9000
菊园,16187
菊泉公寓,3300
菊泉小区,3500
菊泉新城,3429
菊泉新村,3000
菊泉街600号,2500
菊花苑,2250
菱翔苑,4489
营口大厦,5500
营口路113弄,4300
葑润华庭,4650
葛洲坝绿城玉兰花园,6167
葡萄园新村,3500
董家渡路450弄,6000
蒋家桥小区,4500
蒋家桥路10号,7200
蒙特利名都城,18000
蒙自新村,5350
蒙自路224号,6400
蒙自路345弄,6650
蒙自路380弄,6500
蒙自路395弄,6700
蒙自路440弄,6000
蒙自路601弄,6150
蒙西小区,5631
蒲汇新村,4700
蓝城小区,4267
蓝堡别墅,17000
蓝天新村,2500
蓝天苑,2700
蓝朝部落,5088
蓝村小区,6015
蓝色剑桥,11333
蓝色城邦,1900
蓝色收获,2650
蓝色港湾,7150
蓝高小区,5492
蓬莱大厦,11250
蓬莱山庄,2600
蓬莱路285弄,5200
蓬莱路391弄,4300
蓼花汀花园,7567
蔚蓝城市花园,8101
蔷薇五村,3800
蔷薇新村,3417
蕃瓜弄小区,8000
薛家宅小区,3380
薛家浜路242弄,4772
蘭庭,1000
虞泽苑,4500
虬江路1258弄,4000
虹一小区,5425
虹东小区,6290
虹临大厦,7500
虹临花园,7800
虹二小区,5525
虹井小区,6040
虹仙小区,5529
虹仪小区,4540
虹储小区,6500
虹光公寓,8000
虹兴苑,4900
虹凉馨苑,5600
虹北公寓,4300
虹华大楼,6500
虹南大楼,8596
虹南小区,4952
虹口典范,9250
虹口玫瑰苑,9250
虹口现代公寓,11667
虹口花苑,6475
虹古大楼,6398
虹古小区,10000
虹叶花苑,11000
虹叶茗园,15000
虹园八村,3700
虹园六村,5740
虹城公寓,6600
虹宸易居,9900
虹山半岛别墅,16000
虹康家园,6500
虹康新苑,5533
虹康花苑,7213
虹延小区,6275
虹御公寓,2993
虹德苑,10200
虹日小区,5900
虹旭小区,4560
虹景家苑,14000
虹景小区,5390
虹景花苑,12000
虹景苑,4600
虹林新苑,8000
虹桥1号,5350
虹桥万博花园,12320
虹桥世家花园,15655
虹桥中华园,80000
虹桥中园,8880
虹桥中山广场,13000
虹桥丽园,12833
虹桥乐庭,15414
虹桥华庭,23250
虹桥向日葵公寓,12267
虹桥城市花园,21444
虹桥大仕馆,13180
虹桥宝龙城,5500
虹桥小区,4787
虹桥帝梵尼,11875
虹桥府邸,14500
虹桥怡景苑,15000
虹桥新城,7543
虹桥明珠公寓,8500
虹桥晶典苑,13000
虹桥晶邸,5200
虹桥机场新村,5645
虹桥正荣府,7833
虹桥汇秀苑,14000
虹桥河滨花园,22000
虹桥紫京苑,16250
虹桥花苑,18769
虹桥衡园,10200
虹桥豪苑,22920
虹桥路1860弄,4300
虹桥路400弄,9057
虹桥路959弄,5000
虹桥路967弄,6500
虹桥金斯花园,21800
虹桥首席,4500
虹桥馨苑,12000
虹桥高尔夫别墅,43500
虹梅佳苑,5500
虹梅南苑,3933
虹梅南路126弄,4100
虹梅南路96弄,4225
虹梅小区,5767
虹梅新苑,3000
虹梅景苑一街坊,2200
虹梅景苑二街坊,2800
虹梅景苑四街坊,4000
虹梅花苑,6271
虹梅路2669弄,6000
虹梅路2759弄,5000
虹梅路2806弄,4375
虹梅路2964弄,4750
虹梅路2986弄,5567
虹欣小区,4533
虹浦新城,2730
虹田苑,12500
虹盛小区,3600
虹纺小区,6200
虹莘家园,8800
虹莘新村,4233
虹许路971弄,5200
虹诚大厦,8900
虹连大楼,4200
虹霞小区,5025
虹鹿花苑,5686
蝶恋园,4684
融信铂湾,5985
融创滨江壹号院,24538
融都金桥园,8000
行知家园,5200
衡园,18500
衡安大楼,9500
衡山路58弄,11500
衡山路696弄,12833
衡辰三林苑,1890
衡辰公寓,11433
裕兴大厦,3560
裕兴花园,7000
裕华大厦,18500
裕德大厦,8478
裕德路66弄,5025
襄阳公寓,20500
襄阳南路388弄,5945
襄阳南路452弄,9667
襄阳南路98号,6000
西三里桥路8弄,5000
西三里桥路9弄,4000
西上海名邸,2991
西二小区,4200
西凌新邨,6346
西北新村,1929
西南名苑,4293
西南小区,4200
西南新村,2200
西大街76弄,4500
西姚家弄11号,5600
西宝兴路922弄,3067
西宝兴路949弄,3000
西庭网球俱乐部和公寓,37429
西康公寓,14500
西新苑,4700
西木小区,4750
西林南路11号,3000
西林小区,3000
西民旺苑,2200
西江湾路264弄,4800
西沙洪浜46号,3500
西泥路113弄,2600
西泥路139弄,2900
西湖新村,1950
西湖苑,3100
西环一村,4400
西环三村,3200
西环四村,3800
西班牙名园,9403
西苏州路1801号,5500
西街15号,3500
西街421弄,5000
西诸安浜路435弄,4400
西谈家渡路109弄,4200
西谈家渡路129弄,4250
西谈家渡路17弄,5500
西谈家渡路39弄,4050
西谈家渡路81弄,4550
西邱小区,4900
西郊一品花园,57500
西郊九韵城,5267
西郊佳景苑,26000
西郊公寓龙柏一村北区,4100
西郊半岛名苑,3800
西郊华城,27900
西郊华庭,21722
西郊名邸,9500
西郊园中园,35250
西郊大公馆,107500
西郊宝成花苑,19600
西郊庄园,51500
西郊庄园马德里洋房,16779
西郊景园,15167
西郊景平苑,5500
西郊枫林苑,26750
西郊河畔家园,9100
西郊玫瑰湾花苑,14000
西郊紫薇花园,36667
西郊紫郡,45200
西郊美德苑,5060
西郊美林馆,30350
西郊花园别墅,43000
西郊英园,5933
西部俊园,19375
西部名邸,6800
西部大楼,7367
西部花苑,2940
西镇小区,4302
西门新村,1717
西门锦绣苑,2475
西雅图嘉萱苑,11333
见龙苑,6000
观庭,25345
观景苑,20000
解放新村,1953
誉品原墅,9000
誉品谷水湾,5458
证大家园,7110
证大宽域,11000
诸新三村,4200
谈家桥路163弄,4200
谈家桥路80弄,4300
谈家桥路85弄,5200
谈家港花苑一村,4200
谢家宅小区,6500
谨斜小区,5755
谭家桥小区,4500
谷水苑,4800
象山小区,5800
象屿上海年华,4862
象屿名城,6200
象屿品城,5471
象屿大宁悦府,12600
象屿郦庭,6567
象屿都城,5700
象屿鼎城,6500
象源丽都,9462
豪世盛地,5600
豪景苑,30000
豫景公寓,10025
豫欣公寓,10408
贝尚湾,6824
贝港一区,2100
贝港七区,1933
贝港三区,2200
贝港二区,1750
贝港八区,2011
贝港南区,2162
贝港第二居民区,1939
贝港花苑,3375
贝越佳园,10400
贝越水岸名邸,5165
贝越河滨雅筑,7500
贝越流明新苑,8000
财大小区,4000
财富公寓,10000
财富海景花园,52250
贤兴公寓,4200
贤居天下,21000
贵人大厦,8000
贵峰苑,4739
贵龙园,10601
赛杰苑,4575
赤峰小区,5750
越秀苑,9717
越纪公寓,7075
跃进路48弄,3000
路劲上海派,3067
路劲翡丽湾,7000
路易凯旋宫,15654
车南小区,3500
车站东路191号,4900
车站南路12号,2200
车站南路407弄,3600
车站新村,3989
车站西路小区,4650
轻工大木桥小区,4997
轻工大楼,6400
轻舟花苑,5800
辉河路22号,5300
辉河路59弄,6800
辰丰苑,2733
辰凯花苑,2000
辰弘佳苑,4600
辽源一村,5600
辽源二村,3550
辽源公寓,6350
辽源四村,6500
辽阳大楼,5775
达丰新村,3900
达城家园,3058
达城锦园,3300
达安圣芭芭花园,10409
达安城,11450
达安大厦,13000
达安春之声,4831
达安花园,12938
达安锦园,13199
达安长宁公寓,7200
达新大楼,7150
迎亭公寓,4500
迎园中路281弄,2800
迎园新村七坊,2500
迎园新村二坊,2567
迎园新村五坊,2650
迎园新村六坊,2200
迎园新村十三坊,2100
迎园新村四坊,1900
迎园路300弄65支弄,3500
迎春公寓,3300
迎春园,7114
迎春新苑,3000
迎龙大厦,13000
运光大楼,5200
运光小区,3750
运光新村,4200
运光路100弄,3500
运光路80号,6500
运旺新村阳光世家,7000
运杰城市花园,4575
运河北路730,2500
运河新村,1750
运通路728弄,3000
进贤路219号,26000
远东君悦庭,5800
远东小区,3250
远中风华园,20274
远景佳苑,3592
远景时代,2640
远洋万和四季,1974
远洋博堡雅墅,80000
远洋新村,4250
远洋香奈,5329
远洋鸿郡,7833
远虹大厦,6027
远雄徐汇园,20414
远香舫新苑,4000
远龙公寓,9000
连云大楼,8500
连城新苑,4583
连城苑,7243
连波路228弄,4800
连波路66弄,5000
通乐小区,3000
通北路22弄,4300
通协小区,8367
通昌苑,9800
通汇公寓,14500
通河一村,3660
通河七村,3650
通河二村,3560
通河八村,3860
通河六村,3988
通河四村,4267
通波新村,4000
通海一小区,2400
通海二小区,3500
通海路360弄,2000
通源小区,4800
通用国际,3950
通联苑,6230
通达大厦,6252
通达广场,2000
通阁小区,4598
通阁路135弄,4300
通阁路191弄,4250
通阳公寓,4500
逸亭佳苑,3200
逸仙一村,3800
逸仙二村,3950
逸仙华庭,6400
逸仙小区,5275
逸仙路1321弄,3000
逸兴家园,6160
逸兴苑,3800
逸墅新苑,9000
逸庭苑,4012
逸流公寓,11743
逸翠公馆,8500
逸虹景苑,8500
逸邨,3200
逸香园,7577
遵义东大楼,8250
遵义小区,4633
遵义路402号,4000
遵义路575弄,4500
遵义路700号,4000
邮局小区,7000
邮电三村,6550
邮电二村,4875
邮电小区,5525
邮电新村,4700
邮航小区,5500
邯郸路60弄,11000
邻里苑,7800
郁庭峰,10500
郁金香花苑,14000
都市宜家苑,6100
都市富苑,2967
都市庭院,11250
都市星城,7550
都市绿舟,3200
都市苑,4600
都市雅筑,4000
都林嘉苑,5700
都林龙苑,6750
都汇华庭,2100
采菊苑,2732
里昂公寓,4300
里昂花园,15700
重华新村,8000
重庆公寓,15000
重庆北路106号,5000
重庆南路2号,6700
重新小区,8500
野奴泾小区,5300
金上海家园,10000
金东名苑,4750
金中苑,6726
金丰佳园,4000
金丰小区,3700
金丰新村,4250
金丰蓝庭,6050
金丽广场,10000
金云苑,9000
金俊苑,10833
金信公寓,7250
金光小区,4856
金兰雅墅,6500
金凤大楼,7800
金利公寓,4033
金华新村,4033
金华苑,5124
金南新苑,12000
金博尚品苑,12500
金原新苑,5650
金厦苑,3320
金台三居,5000
金和佳园,5550
金唐公寓,4680
金地佘山天境,22111
金地城三期御领,2200
金地天御,16186
金地未未来,8635
金地格林世界,7174
金地格林郡,3567
金地湾流域,8864
金地自在城,5882
金地艺华年,7690
金地艺境,5144
金地褐石苑,5049
金坤花园,4316
金城上品,3000
金城绿苑,5550
金域水岸苑,4000
金塔新村,3514
金塘小区,4450
金外滩花园,24886
金大元御珑公馆,25750
金宇别墅,18000
金宇名邸,11167
金家巷小区,5300
金家巷西弄,6650
金属新村,4500
金山新城,1800
金岛苑,7000
金巷小区,5013
金帝城市岸泊,6250
金平小区,3300
金恒小区,5160
金悦华庭,2500
金房花苑,1800
金旋小区,4333
金日世家,13333
金星绿苑,3367
金星苑,8400
金机大厦,4900
金杨一街坊,4000
金杨七街坊,4332
金杨二街坊,4238
金杨公寓,5775
金杨六街坊,4600
金杨四街坊,4109
金杨新村三街坊,4294
金杨新村九街坊,4936
金杨新村五街坊,4566
金杨新村八街坊,5800
金杨新村十一街坊,6293
金杨新村十街坊,4775
金杨新村四街坊,3500
金杨路750弄,5367
金枫公寓,4500
金枫豪苑,11000
金枫里,4933
金柏苑,25000
金桂一村,2600
金桂家园,9440
金桂小区,7467
金桂新村,3000
金桂苑,7900
金桥一方,4455
金桥一景,6440
金桥名都,5867
金桥和苑,4500
金桥大厦,17357
金桥好人家,4190
金桥新城,6050
金桥新家园,6833
金桥新村一街坊,4100
金桥新村四街坊,4517
金桥湾清水苑,4557
金桥爱建园,12493
金桥瑞仕花园,15406
金桥花园,12767
金桥花苑,5950
金桥路226弄,3433
金桥路2346弄,4000
金桥路530弄,4040
金桥路835弄,4150
金桥酒店公寓,5172
金梅公寓,5500
金梅园,5600
金棠苑,5667
金榜世家,4093
金榜人家,5160
金榜家园,6000
金榜新苑,3812
金榜星墅,7000
金榜雅苑,4520
金樟花苑,4483
金橘新苑,6125
金水佳苑,1200
金水宝邸,15000
金水新苑,2500
金水湾,8450
金水苑,3033
金汇丽舍,8224
金汇公寓,3500
金汇华光城,11562
金汇名人苑,14000
金汇名人苑三街坊,10000
金汇福邸,11000
金汇花园一街坊,4457
金汇花园三街坊先锋公寓,5167
金汇花园四街坊,8267
金汇豪庭,18167
金汇鸿锦苑,13000
金江公寓,6800
金江家园,3845
金沙丽晶苑,7750
金沙嘉年华,5115
金沙嘉苑,7250
金沙江小区,8800
金沙江路759号,4500
金沙雅苑,7162
金沙鼎苑,3633
金泉苑,16143
金泰公寓,4600
金泰小区,3200
金泽苑,5800
金浦大楼,7750
金浦小区,4950
金海大厦,8400
金海苑,2500
金淙苑,9933
金淞家园,8200
金港花园,4214
金源商厦,4800
金燕家苑,8850
金爵别墅,42000
金牛苑,7457
金玉苑,3800
金球怡云花园,15667
金球花园,8000
金瓯万国大厦,14210
金田花园,3880
金盛佳苑,4275
金硕河畔景园,3088
金碧公寓,18000
金碧汇虹苑,1950
金磊苑,5600
金祥坊,6250
金禾新苑,5000
金竹园,6500
金纬东苑,4300
金纬新苑,5800
金纺小区,4743
金纺苑,7350
金缘坊,8950
金羽名庭,10122
金臣别墅,70000
金臣汇,34000
金舟苑,6740
金色家园,23500
金色港湾,15750
金色碧云,10267
金色维也纳,25750
金色航城,2843
金色西郊城,6000
金色贝拉维,24190
金色郦苑,3000
金色黄浦,7750
金茂花园,6400
金荣公寓,8500
金莲坊,4767
金菊小区,5367
金葵新城,4250
金葵路1115弄,4267
金藤苑,4330
金虹别墅,50000
金虹大厦,8233
金虹桥东苑怡和园,12667
金虹桥井亭苑,6492
金虹苑小区,6325
金融家,8350
金融街静安中心,43000
金衡公寓,10900
金诚花园,10000
金谊河畔,7409
金谷园,6200
金谷苑,6567
金象华庭,21500
金轩公寓,12857
金轩大邸,10250
金辉兰湖美域,4250
金都花好悦园,4682
金都苑,19500
金都雅苑,4025
金钟小区,5450
金钻苑,2933
金铭文博水景,6523
金铭新水岸,5833
金铭福邸,4675
金隆家园,5300
金隆置地大厦,7811
金霞苑,5500
金露苑,13000
金顺小区,7100
金领国际,5278
金高路220弄,4500
金鸿苑,7232
金鹏花园,4630
金鹏花苑,2300
金鹏苑,3953
金鹤新城双佳翠庭,3940
金鹤新城城杰苑,5067
金鹿公寓,12500
金鹿大楼,9500
金麟公寓,12000
金鼎公寓,8153
金鼎花苑,10000
金鼎香樟苑,5225
金龙东苑,15000
金龙公寓,3600
金龙花苑梅花园,6750
金龙花苑牡丹园,7000
鎏园,6000
鑫唐佳苑,4048
鑫唐绿波庭,2250
鑫国家园,17500
鑫安公寓,2290
鑫峰苑,3717
鑫康苑,11000
鑫港苑,4085
鑫苑壹品世家,3550
鑫通公寓,3133
鑫都城云天绿洲,3171
鑫都城仁和花苑,4500
鑫都城柳岸人家,3333
鑫都城紫云华庭,5250
鑫鑫花园,3597
鑫隆花园,5250
鑫龙佳苑,4500
鑫龙苑,7500
钜凯馨园,3750
钦州公寓,5900
钦州南路300弄,4500
钦州大厦,7300
钦州花苑,5837
钦州路111弄,4969
钦江大楼,6400
钻石公寓,13000
铁岭大楼,6600
铁岭路10弄,3800
铁岭路90弄,4600
铁路新村,4450
铁路职工小区,5500
铂庭俱进家园,6500
铂悦滨江,21083
铂珏公馆,8917
铂金华府,8862
铭晖西郊苑,6650
铭源大楼,8500
银丰苑,3150
银亿徐汇酩悦,19000
银亿领墅,37333
银凤小区,4000
银华苑,12250
银南大厦,6822
银厦花园,7300
银山小区,3600
银康苑,3100
银星名庭,7000
银星大厦,6500
银星小区,5500
银春小区,3233
银杏家园,15100
银杏新村,2800
银杏苑,4240
银杨大厦,6800
银桥花园,3778
银桥花苑,3200
银欣花苑,8500
银河丽湾,2750
银河小区,4500
银河新都,3989
银河苑,6300
银泰花园,13167
银泰苑,4250
银浦大楼,5650
银海苑,10500
银涛高尔夫别墅,28500
银翔新村,3800
银联花园,5145
银良公寓,6600
银虹花苑,14000
银都一村,3800
银都名墅,26800
银都新村,3706
银鑫大楼,8000
银霄大厦,6667
银马苑,8000
银龙小区,1460
银龙新村,3929
锦三角花园,8900
锦佳苑,9000
锦凯华苑,8300
锦华东南苑,7650
锦华公寓,8000
锦华花园,10400
锦华苑,6000
锦华茗园,7500
锦南公寓,10750
锦南浦三小区,4500
锦南花苑,5600
锦博苑,4710
锦园坊,1500
锦城公寓,13000
锦城大厦,12333
锦安公寓,7400
锦屏小区,5254
锦峰苑,5520
锦川公寓,4500
锦建路20号,17000
锦杨苑,7933
锦桂苑,7100
锦梅馨苑,5477
锦汇苑,10086
锦沧公寓,2430
锦河苑,2392
锦泰苑,5350
锦泽苑,4310
锦海大厦,6712
锦港新村,2500
锦灏佳园,9133
锦秋花园,8563
锦秋路1188弄,6000
锦程小区,4000
锦绣一方名苑,6759
锦绣人家,5300
锦绣公寓,2800
锦绣前程阳光苑,13667
锦绣华庭,10908
锦绣华都,5176
锦绣天第花园,11400
锦绣家园,13000
锦绣小区,6667
锦绣汇丽苑,2600
锦绣江南,15660
锦绣河山,4500
锦绣满堂花园,11613
锦绣苑,7440
锦绣逸庭,6773
锦绿新城,9600
锦翠苑,6000
锦良苑,7300
锦苑,7060
锦苑小区,4416
锦蝶苑,13000
锦西路171号,4200
锦轩新墅,36000
锦辉豪居,7000
锦隆别墅,35000
锦馨苑,7600
锦鸿公寓,4645
锦麟天地雅苑,55000
锦龙苑,3500
镇北小区,3500
镇南路10号,3700
镇宁路318弄,7800
镇宁路405弄,6750
镇宁路465弄,7797
长中小区,4500
长丰坊,4967
长义坊,45000
长乐公寓,22000
长乐大厦,7500
长乐路1121弄,7000
长乐路1222号,20500
长乐路447号,12000
长乐路681号,9000
长乐路930弄,6300
长兴坊,4932
长华绿苑,10000
长发虹桥公寓,18286
长城中环墅,11000
长城小区,4800
长城珑湾,3200
长城苑,8500
长堤别墅,20000
长堤花园别墅,37500
长宁88金廷,21450
长宁大厦,18500
长宁支路318弄,5500
长宁支路320弄,5500
长宁路1488弄,5500
长宁路1600弄,5243
长宁路234弄,4750
长宁路405弄,4567
长宁锦城公寓,6250
长宁馥邦苑,15667
长安小区,9000
长安路280号,4500
长安路480弄,5200
长宏新苑,5000
长寿新村,6256
长寿苑,18000
长寿路790号,5000
长寿路792弄,6000
长岛公寓,6178
长岛别墅,22889
长峰小区,4300
长峰馨园,9000
长建公寓,7000
长征大厦,7500
长新大楼,6667
长新小区,4400
长春小区,5450
长春新苑,7372
长桥一村,4168
长桥七村,3933
长桥三村,3900
长桥二村,3900
长桥五村,3850
长桥八村,4378
长桥四村,3729
长桥新村,3400
长江公寓,10000
长江南路955弄,5200
长江小区,4907
长江路28弄,3200
长江路30弄,4200
长江路440弄,2800
长江路780弄,3200
长江路848弄,2700
长泰公馆,6744
长泰西郊,15000
长海一村,4267
长海三村,4750
长海四村,5000
长海坊,5033
长海路137弄,5500
长源小区,5250
长白三村,3400
长白二村,3300
长白新城,5367
长白路178号,2500
长眉小区,4000
长福公寓,12750
长联大厦,6150
长芝大厦,7800
长虹公寓,4650
长虹坊,5000
长虹小区,4400
长达佳苑,2460
长阳新苑,6148
长阳路1900弄,3700
长阳路900号,5200
长陇苑,3800
长隆住宅小区,3700
长青坊,3867
长青教师公寓,5000
长顺坊,5100
长顺小区,4500
长顺路10号,6000
长顺路12号,5200
长顺路50弄,6500
长顺路6号,12000
长顺路8号,6000
长风一村小区,4300
长风三村,5750
长风二村,5667
长风四村,4900
长风大楼,4600
闵富花苑,6333
闵浦新苑六村,3529
闵环花苑,3500
闸园二村,2100
闸园新村,1975
闸园新村别墅,4500
闸殷小区,3500
闸殷路195弄,5800
闻喜小区,4163
闻喜路1110弄,3600
闻喜路251弄,2600
闻喜路280弄,4000
闻喜路605号,4500
阁游路777弄,2500
阜兴世纪公馆,15571
阜新路284弄,5000
阳光三村,4367
阳光乾城苑,7900
阳光二村,3981
阳光公寓,7195
阳光前景,11788
阳光名苑,15938
阳光名邸,15500
阳光四季公寓,19000
阳光四季园,3050
阳光园,3362
阳光城丽景湾PLUS,4433
阳光城市家园,3152
阳光城愉景湾,7957
阳光城花满墅,10100
阳光大厦,9400
阳光威尼斯,6117
阳光家园,2000
阳光新景,11333
阳光春城,2500
阳光欧洲城,14250
阳光水岸苑,12000
阳光绿园,9600
阳光美景城,7098
阳光美林,2640
阳光翠庭,5412
阳光翠竹苑,11433
阳光花园,8333
阳光花城,11632
阳光苑,4075
阳光西班牙,11000
阳光里,8660
阳光雅苑,4700
阳升公寓,5450
阳城世家苑,6800
阳城书院,7875
阳城美景,2060
阳城花园,7306
阳城贵都,7294
阳明国际花苑,6033
阳明新城,5833
阳明花园广场,7950
阳明苑,8650
阳景小区,3600
阳曲小区,3250
阳曲路190弄,3833
阳曲路391弄,3800
阳曲路50弄,3000
阳曲路555弄,3500
阳曲路760弄,3500
陆丰苑小区,5800
陆凌新村,3067
陆家嘴中央公寓,22771
陆家嘴公馆,47571
陆家嘴国际华城,17323
陆家嘴新景园,9133
陆家嘴滨江公馆,10639
陆家嘴红醍半岛,11042
陆家嘴花园,12258
陆家嘴锦绣前城,14650
陆家嘴锦绣里,8725
陆家浜路413弄,4800
陆家角馨苑,4150
陇南小区,3400
陈南路418弄,3800
陈家宅小区,5010
陈家门小区,4994
陈湾小区,2008
陕北苑,10500
陕西北路729弄,4600
陕西北路804号,5000
陕西南路188弄,25000
陕西南路271弄,7333
陕西南路514号,5000
陕西南路550弄,8000
院东大楼,4400
院士公寓,28000
陶园,30000
陶安小区,5500
隆安公寓,12000
隆德小区,5566
隆昌路468弄,5000
隆昌路641弄,3900
隆昌路700弄,4067
随园玉兰苑,31000
雁荡大厦,19500
雅仕居,30000
雅仕轩,11900
雅典花苑,21600
雅园,7000
雅士公寓,2430
雅州公寓,14667
雅庐苑,12000
雅戈尔长风8号,28500
雅景公寓,12067
雅致公寓,5500
雅阁花园,18000
雅鹿新苑,3800
雍华府,5457
雍景台,23333
雍景园,11500
雍江星座香园,8780
雪野家园,12000
零陵小区,6155
零陵路289弄,6000
雾晓大楼,7000
霍兰公寓,6360
露香园,41000
青之杰花园,20411
青云公寓,6250
青云路650弄,4200
青南小区,3900
青厦小区,3022
青四村南邬家宅158号,7500
青城苑,2550
青客公寓幸福里,5000
青年路188号,5500
青年路376号,3300
青年路72号,4200
青昆路4弄,1800
青春驿站,3908
青松小区,7625
青水湾公寓,3331
青浦大厦,3525
青湖轩,3000
青溪新村,2850
青盈苑,2550
靖宇中路1弄,3500
靖宇中路58弄,6000
靖宇南路5弄,3500
靖海苑,3800
静安丽舍,13833
静安兴海城,12667
静安凤凰苑,14600
静安四季苑,23463
静安国际广场,15750
静安均泰丽轩,19950
静安城,10900
静安康寓,17000
静安新城,6725
静安新格公寓,8578
静安晶华园,13050
静安枫景苑,21270
静安桂花园,19000
静安河滨花园,12286
静安紫苑,14033
静安艺阁,18500
静安豪景苑,28590
静安长华公寓,13750
静安阳光华庭,9000
静安阳光名都,14900
静安风华苑,12833
静鼎安邦府邸,37750
面筋小区,5500
鞍山一村,3950
鞍山七村,4000
鞍山三村,4633
鞍山五村,5433
鞍山八村,4900
鞍山六村,3900
鞍山四村第一小区,5350
鞍山四村第三小区,4458
鞍山四村第二小区,3750
鞍山路310弄,6200
鞍山路61号,5200
音乐广场,11515
音苑小区,11000
韵都城,6567
顺馨佳园,3770
顺驰美兰湖,4125
顺驰蓝湾,3800
顾路公寓,2800
领峰华庭,4500
领航uptown,3600
颐亭花园,6550
颐宁苑,7372
颐峰苑,13000
颐德名苑,18000
颐河苑,8833
颐谷南苑,3225
颖奕博园高尔夫别墅,8500
颛兴路180弄,4100
颛卫路155弄,3700
颛建路203弄,3250
颛溪七村,3750
颛溪五村,4000
颛溪八村,4290
颛溪十村,3850
风信景苑,12500
风度国际,14467
风荷丽景尚城,3945
风荷云墅,35500
飘鹰公寓,7800
飘鹰花苑,8125
飞旺家园,7000
飞碟苑,3300
飞虹公寓,6600
飞虹支路69号,5600
飞虹路1047弄,4300
飞虹路163号,5500
飞虹路742号,4500
首创旭辉城,3271
首创锦悦,4900
香山丽舍,44500
香山新村东北街坊,4615
香山新村东南街坊,4100
香山新村西北街坊,4817
香山新村西南街坊,5000
香杉园,15000
香树丽舍,4710
香桂园,2600
香梅花园,16786
香楠小区,4826
香榭丽花园,11916
香榭苑,21000
香樟花园,15625
香樟苑,4717
香泉小区,5238
香港丽园,12250
香溢花城,13167
香缇公馆,10000
香花桥小区,5297
香逸湾,3889
香阁丽苑,14000
馨乐园,4800
馨佳园,3197
馨兰小区,5450
馨华苑,6000
馨宁公寓,4918
馨康苑,6350
馨汇佳苑,3000
馨良苑,5500
馨虹小区,5740
馨虹苑,9000
馨运公寓,6180
马克思公寓,22000
马厂路65号,4500
马当小区,8611
马桥景城馨苑,2200
马桥西街小区,5300
马泾桥一村,1500
马泾桥二村,2300
马赛花园,17833
马陆清水湾,3900
驰骋大楼,5920
骏丰嘉峰汇,3956
骏丰玲珑坊,3050
骏华苑,2700
骏苑,3033
骏豪国际,11062
高东新村,2900
高东馨苑,4200
高乐小区,3649
高兴花园,3759
高华小区,2300
高南新村,4325
高境一村,4686
高境二村,3300
高境欣苑,6650
高安路2弄,10000
高安路62号,38000
高安路9弄,9200
高富丽源,20000
高弘家苑,3550
高昌路105弄,2625
高景花园,4214
高桥一村,2850
高桥二村,3200
高欣公寓,27500
高盛家园,3250
高科西路2763弄,5000
高科西路3060弄,4500
高荣小区,7169
高行家园,5300
高行绿洲,3393
高行街西弄,4000
高行馨苑,3295
高邮路5弄,10000
魏玛原墅,5750
鲁班公寓,11000
鲁班大楼,8040
鲁陈路3955弄,3000
鸿凯湾绿苑,14200
鸿发家园,8450
鸿发苑,19000
鸿吉苑,2600
鸿基公寓,3065
鸿宝一村,2038
鸿宝二村,2364
鸿宝新村,1900
鸿旭豪苑,9200
鸿波大厦,2690
鸿福新村,3500
鸿禧花园,7500
鸿艺豪苑,25667
鹏丰苑,5400
鹏健苑,2500
鹏宏苑,5767
鹏欣家园,8750
鹏海小区,4480
鹏润伊顿公馆,2408
鹏程花苑,6550
鹏程苑,5620
鹏裕苑,4900
鹤兴苑,4000
鹤北新村,3415
鹤北新村二街坊,4056
鹤北新苑,4000
鹤坡路84弄,3000
鹤庆苑,4150
鹤庆路58弄,3800
鹤明小区,2600
鹤林路250弄,3000
鹤沙航城东茗苑,2850
鹤沙航城昱星家园,2250
鹤沙航城汇诚佳苑,2100
鹤沙航城航武嘉园,1900
鹤鸣新苑,3400
鹿特丹花园,16450
黄兴公寓,10000
黄兴绿园,8175
黄兴路1001号,4200
黄兴路1019弄,5150
黄兴路1039弄,4800
黄兴路629号,3200
黄兴雅苑,8600
黄家小区,5300
黄山始信苑,4446
黄山新村,4520
黄山新苑,9500
黄山路12号,4500
黄山路30弄,4000
黄楼新世纪花苑,1690
黄楼花苑,4120
黄楼镇栏学路380弄,3000
黄浦丽园,30000
黄浦众鑫城,17178
黄浦华庭,14000
黄浦国际,15612
黄浦新苑,13500
黄浦花园,4933
黄石路169弄,5200
黄金豪园,19000
黄陵小区,3000
黎安一村,4150
黎安三村,4500
黎安二村,4029
黎安四村,4633
黎平大楼,6000
黎明花园,5033
黑山小区,3750
黑鱼弄小区,4500
鼎城丽景苑,3100
鼎新大楼,22000
鼎盛公寓,7300
鼎达公寓,10000
鼎邦丽池,57500
鼎鑫名流世家,6614
鼎隆公寓,8500
鼎隆大厦,8200
齐七小区,4433
齐二小区,4557
齐友佳苑,4200
齐四小区,4900
齐宏苑,7200
齐河三小区,5300
齐河花苑,3845
齐爱佳苑,2170
齐锦苑,6200
龙东大道5401弄,3650
龙兆苑,10245
龙华小区,6500
龙华茶花园,7000
龙华路2373弄,3400
龙南七村,3200
龙南三四村,5186
龙南五村,4875
龙南六村,4900
龙博公寓,5000
龙吴路11弄,3906
龙吴路13弄,5400
龙吴路5599弄,2620
龙呈家园,6900
龙威名邸,11000
龙威新村,2600
龙威茗庭,4800
龙安佳苑,4050
龙居大厦,7467
龙居花苑,8700
龙居苑,8000
龙居路29弄,8500
龙山新村,5545
龙州小区,4000
龙恒路260弄,6800
龙柏七村,5112
龙柏三村,3743
龙柏二村,4798
龙柏五村,5600
龙柏井亭公寓,8250
龙柏公寓,9750
龙柏六村,3245
龙柏四季花园,11500
龙柏四村,5400
龙柏四村三小区,2390
龙柏山庄,65000
龙柏花苑,25571
龙柏西郊公寓,7510
龙柏香榭苑,7110
龙沟新苑,4867
龙泰公寓,6300
龙泽家园,3000
龙港新村,4600
龙湖好望山,6755
龙湖滟澜山,8967
龙湖紫悦湾,3800
龙湖紫都城,3625
龙湖蓝湖郡,18111
龙湖蔚澜香醍,5867
龙湖郦城,5194
龙湖锦宸公馆,3450
龙源星城,2420
龙漕大楼,7000
龙漕路200弄,7300
龙漕路66弄,5500
龙潭小区,4443
龙珠公寓,8183
龙盛佳苑,5172
龙祥公寓,6000
龙缘公寓,11150
龙缘花园,7000
龙腾苑,6800
龙臣公寓,5650
龙邸大厦,16000
龙阳小区,6100
龙阳花苑,8940
龙馨华庭,3100
龚华公寓,4650
龚家宅,4060
龚路新城,3640
